customer_key,customer_unique_id,customer_city,customer_state,customer_zip_code_prefix,first_order_date,total_orders,total_spend,is_repeat_customer
1,000c8bdb58a29e7115cfc257230fb21b,belo horizonte,MG,31555,,,,false
2,000ec5bff359e1c0ad76a81a45cb598f,salto de pirapora,SP,18160,,,,false
3,0032c76b20340da25249092a268ce66c,charqueada,SP,13515,,,,false
4,005226be8d5b972d0f72b4e8a79f322b,rio de janeiro,RJ,22280,,,,false
5,0062adafa3846d9f372d8f1bde591b24,sao paulo,SP,2452,,,,false
6,0071f46a072a9ae25bbe4438b15efe9c,aracatuba,SP,16011,,,,false
7,0087c31081ea8d160baa06bf4ad4d76f,joinville,SC,89227,,,,false
8,00cc12a6d8b578b8ebd21ea4e2ae8b27,sao paulo,SP,3178,,,,false
9,016a5760b723a3a0bcb4b294d4bc6b45,guarulhos,SP,7197,,,,false
10,01bfd443225216fd172d2af98ae80068,nova iguacu,RJ,26052,,,,false
11,01daeb09de8f07882ccd4319ffbc4693,ribeirao pires,SP,9415,,,,false
12,01ecc1f1f21f05d0736c99d92646f132,arapongas,PR,86700,,,,false
13,022e9ef39a8047a24a813f57ad382b94,sao roque,SP,18143,,,,false
14,023f426e28a212b8328b41649a2b1a05,faxinal dos guedes,SC,89694,,,,false
15,027ef1dce56b52802c3d35cd5beda928,sao paulo,SP,4190,,,,false
16,029800f459300049c50c59dcc4244e44,santo andre,SP,9250,,,,false
17,02a6a137ef7fe2414c9e14fc4d060790,sao paulo,SP,4116,,,,false
18,035b9e2e22e07827ab0ca933ad55f89a,ipatinga,MG,35162,,,,false
19,035f60af6e7d7f78470e9443be08d339,aperibe,RJ,28495,,,,false
20,037a72c77c3565c6e41ac0607c797b08,rio de janeiro,RJ,22783,,,,false
21,03d4953a455f8489e712ea80699de878,sao bernardo do campo,SP,9820,,,,false
22,03d7bb9d95f70cf9dcef7142f89d8ec5,caxias do sul,RS,95097,,,,false
23,04a710ba27c70647fb2a4ffc6fe48e43,saquarema,RJ,28997,,,,false
24,04b718d93b254329e7dbdbe026e85301,uberlandia,MG,38400,,,,false
25,04b851412c9787a6db795f277ef20e8d,araruna,PR,87260,,,,false
26,04baa28903e22974e6213e632b09c193,sao paulo,SP,1152,,,,false
27,05105abc98016eb044d450d5e60de1b2,niteroi,RJ,24060,,,,false
28,05292bc3f6db7fd79133285a32a82d53,paulinia,SP,13142,,,,false
29,0567f279c243671842613f581ed3462c,braganca paulista,SP,12929,,,,false
30,058199325498b546a39e5652a04dbbcc,sao paulo,SP,5352,,,,false
31,05aa2ef3623cdba9ca3e83b91f1eee5c,piracaia,SP,12970,,,,false
32,05c567475380140907b9ca53ba1dcfeb,petropolis,RJ,25675,,,,false
33,05d814587e80f2e2846c144d4fb511bc,santa maria,RS,97110,,,,false
34,060e732b5b29e8181a18229c7b0b2b5e,sao paulo,SP,1151,,,,false
35,06b08c5a655b72aae399c4411e15cb47,sao bernardo do campo,SP,9840,,,,false
36,06cb9de4265f5e18327a1e4608a1c85c,crisolita,MG,39885,,,,false
37,0788a5e2db8d16e610407f3ee826b813,duque de caxias,RJ,25025,,,,false
38,07d190f123147d9e89d4b922543d7948,sao luis,MA,65075,,,,false
39,07f61caa1c9e850c14e94854cec87545,sao bernardo do campo,SP,9686,,,,false
40,0826e933ca018e8b6d1ceaad86d82691,sao paulo,SP,2418,,,,false
41,0839b9b0df573d1b402fe8906659303a,sao jose dos campos,SP,12215,,,,false
42,0881442e3b9a9a2e65938b30e0598eb0,lorena,SP,12604,,,,false
43,0890bfbe7e7ce34f5ead1f48e41e5772,fortaleza,CE,60834,,,,false
44,08995ff3d56d1423655c3b21cebe06bd,brumado,BA,46100,,,,false
45,08b4c336c9d41a15dfd9259c6ad8c93c,sao pedro da aldeia,RJ,28943,,,,false
46,08dad77aba35e08dac6e113a1c01d2c0,franco da rocha,SP,7813,,,,false
47,09d4fed6320030973607491be508c075,pindamonhangaba,SP,12420,,,,false
48,09ec740fbf182446388824c67a5fb78d,sao paulo,SP,2802,,,,false
49,09f54e88196d12eba479017f13f0e237,santos,SP,11035,,,,false
50,0b3dc7efaafb0cf78a4796d42fa8d74c,rio de janeiro,RJ,22410,,,,false
51,0b48151c4ac827afeee06ce2d77cc343,barueri,SP,6401,,,,false
52,0b7604941dd811e84ae22ca3b90a49ff,sao vicente,SP,11320,,,,false
53,0b9ae040f85e7cc54f7c20efd637c859,volta redonda,RJ,27213,,,,false
54,0beec065ce2d16d3a8dbb22b87cf4c43,rio de janeiro,RJ,22631,,,,false
55,0bf7dfff65267867de74cb029fdd6a75,sao paulo,SP,4374,,,,false
56,0c17966568c69f8f827f574911f8b729,sao paulo,SP,2832,,,,false
57,0c17f9ac28cbd7323f0f4043e9db5907,pelotas,RS,96015,,,,false
58,0cbd5dfde4c06bbe2960d2c0c95e5e7d,ribeirao preto,SP,14055,,,,false
59,0cc3629bcdae6909e00d9512d566f570,rio claro,SP,13506,,,,false
60,0d086121374abc7682c5ec5bc50373b6,caieiras,SP,7700,,,,false
61,0d2fe5cee9cab31429efc0da96406758,sao paulo,SP,1526,,,,false
62,0d4393a1abe4dca62098942cc50ba744,guaruja,SP,11432,,,,false
63,0d516ca029d6a28d5cfddd80b27a26dc,rio de janeiro,RJ,22440,,,,false
64,0d77d20b2c7c92602b0c4ec4fe5997af,cidreira,RS,95595,,,,false
65,0d8f0706c0d71cb8f6d957dad3023fc2,brasilia,DF,70770,,,,false
66,0dc0731aafd5659410244092b0dc7d65,sao paulo,SP,5093,,,,false
67,0e0d3aed77ac2e3746c2ddc3101e3d43,niteroi,RJ,24350,,,,false
68,0e58d0234d25ec72a22396e55e223959,sao paulo,SP,1536,,,,false
69,0ec8a2bcaa8e0b1ca282f7baf9d89513,porto alegre,RS,90240,,,,false
70,0ee46c6eaf5a0a46aecad04306ae65e2,jau,SP,17209,,,,false
71,0f13e3bb90bbd8912d57145479ce4839,anapolis,GO,75083,,,,false
72,0f6371fc9c2e78818a6e7aa33022a506,mairinque,SP,18120,,,,false
73,0fa3dfc9b8012e55a6e11db4d8a82c4b,salvador,BA,41820,,,,false
74,0fb4497f568fe7c3859c3c43d6be7277,belo horizonte,MG,30690,,,,false
75,0fc4c0fc23ef45d16a0f32fbf9ae25cb,goiania,GO,74580,,,,false
76,104ae9a43b6e639f45bd5e3bc19210f3,barbacena,MG,36205,,,,false
77,1098d1250d5bdf8bfc6a83f26494067c,bertioga,SP,11250,,,,false
78,10b7ec8d59e18192862f78be58cd3458,osasco,SP,6270,,,,false
79,111206009c4b4cfb6463a53cf3043ab2,marilia,SP,17514,,,,false
80,1130878bf821f0b682431f513494c5f4,nova friburgo,RJ,28625,,,,false
81,113a92a64bcdd41586ca217144478362,ivoti,RS,93900,,,,false
82,113bdaf5255ce5a458057ebf9975befb,silvianopolis,MG,37589,,,,false
83,1145616de76e14f4e7fd5452c2be149c,rio de janeiro,RJ,20011,,,,false
84,1175e95fb47ddff9de6b2b06188f7e0d,curitiba,PR,81560,,,,false
85,119d43da5cf2cec95289848aec20ac51,marechal candido rondon,PR,85960,,,,false
86,11ad985b033c153deec8400ea60810d3,franco da rocha,SP,7807,,,,false
87,11ce7127e348ee1d9bb75ffef00923dd,senhor do bonfim,BA,48970,,,,false
88,120f875c7db31f3a391a0feacbe05fa5,sao paulo,SP,1227,,,,false
89,1293c51162aeb8fcc29d498ea820f6b5,araras,SP,13600,,,,false
90,12bc33b0d41518a36034c53c10e37129,nova lima,MG,34000,,,,false
91,13613cae6e3bfea8327a916246c96cc9,sao paulo,SP,5108,,,,false
92,13ac6da47fef1b17b16f511e03b57918,sao paulo,SP,2632,,,,false
93,13c50fe55067ed2a26e2f85810326e50,capitao leonidas marques,PR,85790,,,,false
94,144b9f1cf244df05e042b5262ecf97d1,valinhos,SP,13274,,,,false
95,14debbd298c3b01daa32cef625668068,belo horizonte,MG,30431,,,,false
96,14e66b7268fef09f5183f5e3a84cdd91,itatiaia,RJ,27580,,,,false
97,15721972ad68d86dbceffb155220c7ad,sao paulo,SP,5596,,,,false
98,1605a6c5d93d3488fb621c5323930795,rio de janeiro,RJ,22251,,,,false
99,16d778764561c820ab02b6ea12796b14,uberlandia,MG,38410,,,,false
100,171d92af5bf025428dfc2fd869eb8a04,rio de janeiro,RJ,21715,,,,false
101,17d7f3a57687a59fdf418ccc22adc301,nova lima,MG,34004,,,,false
102,17ecbb11ad271dc15ba46b93be52062a,conselheiro lafaiete,MG,36400,,,,false
103,184997aab6012d21021017a525de5206,goiania,GO,74160,,,,false
104,184ff574579b06c07152f2ba4ae74106,caxias do sul,RS,95095,,,,false
105,18aef158fe07c1e9ca8e1a5e3b7b723a,sao joao de meriti,RJ,25585,,,,false
106,18e3d276253780b44b5b7bf83f6785ec,guaruja,SP,11420,,,,false
107,19067e6acbb88e562f0f58eca762ac76,nova iguacu,RJ,26015,,,,false
108,196276c2651ca4783688aa741b72d540,sao goncalo do rio abaixo,MG,35935,,,,false
109,1964f2b215ebb68671d893438e974b0c,sumare,SP,13178,,,,false
110,196a0e7f3563c9de2605b2a753983846,pirassununga,SP,13641,,,,false
111,1a2aee05f48e80d4107ff223a9e4657a,sao jose dos campos,SP,12243,,,,false
112,1a39704fa1459528597c7e52f99e39d4,nova iguacu,RJ,26265,,,,false
113,1a7a10e9273fca58179bdd0d40843b0c,guarulhos,SP,7243,,,,false
114,1aecc1804f168ed275ad536517843133,contagem,MG,32260,,,,false
115,1b18bc689cd5f83c4c9e84c5150a07fe,petropolis,RJ,25650,,,,false
116,1b51dc88a783a437b7ab446fb12b4d23,guapore,RS,99200,,,,false
117,1b8b8c36e0ae8744756d6db86ebca373,sao pedro,SP,13520,,,,false
118,1bb02eb35385950b5dace2632164426c,paulinia,SP,13140,,,,false
119,1bdff446efb5846d0969eaf8978d4342,sao jose do rio preto,SP,15015,,,,false
120,1c22aaad9006505a301a9d51b64f4c9c,maceio,AL,57062,,,,false
121,1c3e4aa255e596013fc2b6dffc8041bd,araquari,SC,89245,,,,false
122,1c68b10c39678b2f8a7354ae67c44ef3,terra roxa,SP,14745,,,,false
123,1c7fae8db20821423f3155642caad457,pirassununga,SP,13635,,,,false
124,1ccd4d08c7d4d9bc6ceb426ee6f7acee,belo horizonte,MG,31015,,,,false
125,1d4626b197f66aa6129c135ab09f1a7b,brasilia,DF,73020,,,,false
126,1da2a3343d3e10a969375849ac5b7f1f,sao jose do rio preto,SP,15050,,,,false
127,1e3d5ec055904eea7d4e95d60a1ad2cf,sao paulo,SP,3254,,,,false
128,1ec536e0e33d1a559b917611ccf1cd69,belo horizonte,MG,30260,,,,false
129,1f6d48610f32c723924f9af3e88f1c64,sao paulo,SP,2209,,,,false
130,205d12d065a7b8535ed6941b838064fc,franco da rocha,SP,7862,,,,false
131,20bb1d9431264f331e47b2da94991eaf,irati,PR,84500,,,,false
132,212c759d8c4f2d4d9d6fd4c7de0afbb3,duque de caxias,RJ,25245,,,,false
133,21a2d9dc71459dbd3dad219cb9681964,uberlandia,MG,38411,,,,false
134,21f748a16f4e1688a9014eb3ee6fa325,piracicaba,SP,13412,,,,false
135,223ab530d4126650969ce8bc7370a21b,guararapes,SP,16700,,,,false
136,226c621e6babfecac4e9e776382c77aa,sao sepe,RS,97340,,,,false
137,2274251ce58a8304f8e9b8380db47018,ribeira,SP,18380,,,,false
138,22745c06a87ddc1142c22ce98c5bf8d1,bauru,SP,17033,,,,false
139,227dee340139e8c2f57bf05bcb1246f8,sao paulo,SP,4171,,,,false
140,22ff8c0cd3d7471e6be7c4b5fea955c8,sao paulo,SP,3718,,,,false
141,233896de79986082f1f479f1f85281cb,ituiutaba,MG,38300,,,,false
142,237c219a24b6a3183a216a5ca00f6edf,blumenau,SC,89031,,,,false
143,239eca76b80e32a2d564284842d7ba44,montenegro,RS,95780,,,,false
144,23c130edd9a7adeb635bb365f7478154,diadema,SP,9960,,,,false
145,23d79f5efab47bee80aee4e351829b74,rio de janeiro,RJ,20540,,,,false
146,23e5f7d84dad8339f627d75ac90e2d43,guarulhos,SP,7251,,,,false
147,23f014663c70f3a8cf6f1be263c89933,rio de janeiro,RJ,20735,,,,false
148,2408917d65de5653f636d4ba42d45b4b,salvador,BA,41940,,,,false
149,243bf34f2f9c8c7b941e3ad4783a4b10,campinas,SP,13070,,,,false
150,24a5c2b24a4467c37e2f54c1b311de93,marialva,PR,86990,,,,false
151,254f01c0c4853e5c23a801f29069f932,santana de parnaiba,SP,6540,,,,false
152,2561161bc52cafa1be6e80ed9c92c9ea,agudos,SP,17120,,,,false
153,25775ec7ac8aff278f093e8614bb3331,campinas,SP,13045,,,,false
154,259dac757896d24d7702b9acbbff3f3c,mogi das cruzes,SP,8775,,,,false
155,25e1b5240ae610b163924a49e7e85bc6,mogi-guacu,SP,13845,,,,false
156,264f33eb52366d6efeae97a7de43a1e6,nucleo residencial pilar,BA,48967,,,,false
157,2699b1bdee690329303fb2c0aada1c1b,loanda,PR,87900,,,,false
158,26a2b0baec2ef2e226f1297de4b6a86f,campo bom,RS,93700,,,,false
159,26c62200e28fe391637570bea7abd9c5,rio de janeiro,RJ,20550,,,,false
160,26c9cb11ad1169f145cc96dc263cbb29,sao paulo,SP,5124,,,,false
161,272d474dde8221c368c57511d9150215,cuiaba,MT,78015,,,,false
162,273fff5a1d5e0ffc35f76b3fe3fb2516,ribeirao preto,SP,14050,,,,false
163,2761fee7f378f0a8d7682d8a3fa07ab1,franca,SP,14409,,,,false
164,2767ebe1fedf70562aa588a37a23080a,franca,SP,14401,,,,false
165,27cf4b153010911a0957150255a6c6db,sao paulo,SP,5351,,,,false
166,282ebddb3e85120b1652204758fc332b,fortaleza,CE,60055,,,,false
167,28345e4479fbaa6c278e0f64546ebf96,canoas,RS,92035,,,,false
168,28aea3e12549a3611bbd8d4e3310e4fa,rio de janeiro,RJ,22070,,,,false
169,28da048f094c0c9cbbc5412bcf41b6b0,ibatiba,ES,29395,,,,false
170,28e7419981c810e071e0f6b061129fbc,sao paulo,SP,4003,,,,false
171,290c77bc529b7ac935b93aa66c333dc3,sao bernardo do campo,SP,9790,,,,false
172,293c9db44b6588c4e52fbef455fccde8,florianopolis,SC,88085,,,,false
173,295c05e81917928d76245e842748184d,sao paulo,SP,5704,,,,false
174,296d0b2c6acccdf4d6727b20e1f9f4a2,sorocaba,SP,18070,,,,false
175,297fab71cc5569457eceb1d47ef3f497,sao joao nepomuceno,MG,36680,,,,false
176,29bbf509bf085413d69208f1547f76e0,sao joao da boa vista,SP,13871,,,,false
177,29ea68ebb3474676eee3322428dcb0af,coronel fabriciano,MG,35171,,,,false
178,29f61e71b90b55a988f45a66bb91bfb7,carapicuiba,SP,6382,,,,false
179,2a2eeca87e56515b095e26141f95a2ce,sao paulo,SP,3547,,,,false
180,2a46fb94aef5cbeeb850418118cee090,rio de janeiro,RJ,20231,,,,false
181,2a7745e1ed516b289ed9b29c7d0539a5,montes claros,MG,39400,,,,false
182,2a914bdfae6c0cc612a51e479acc0128,santos,SP,11065,,,,false
183,2a9c0f0e5f06e91c50c74baf4dc67a0f,presidente epitacio,SP,19470,,,,false
184,2aa9325eab1676f4d62830f004d67a34,sao jose dos campos,SP,12233,,,,false
185,2ab38708dc2f1200d33c47ebe14a6b25,vitoria,ES,29055,,,,false
186,2ad3e8ebee7119e3be506709cf52c2e7,mairipora,SP,7600,,,,false
187,2b1ff9585b05c73232a93e5440697094,brasilia,DF,72210,,,,false
188,2b6082a140c439e2df870c85b0aa5e88,sao paulo,SP,2983,,,,false
189,2c4f12ef543ba44eead3e3a43c229c11,hortolandia,SP,13188,,,,false
190,2c77113623e849d30d75a10480b57108,niteroi,RJ,24220,,,,false
191,2ca8ef8560c5cd0f9ddb65d1b1b51380,recife,PE,51030,,,,false
192,2cc0f5affc2ccbdacbbc6c5e88f5f059,curitiba,PR,81540,,,,false
193,2ce81600d264e61fe46c8cadffd18db5,taboao da serra,SP,6786,,,,false
194,2d4df3b94e4c56fb47d7fc7ec065a612,sao paulo,SP,4617,,,,false
195,2e438ed54223fcca39c725b9a3e6376f,sorriso,MT,78890,,,,false
196,2e61eefc516ee26837d29fd3d76530fa,sao joaquim da barra,SP,14600,,,,false
197,2e636fd512179efa9c6e1b1a28ac7f98,itajuba,MG,37500,,,,false
198,2e6a42a9b5cbb0da62988694f18ee295,sao paulo,SP,4571,,,,false
199,2eac18b475d7d985f0ab52b9c010f59f,sao paulo,SP,4679,,,,false
200,2ec68b85269ac7794879aecff0dab44f,aracoiaba da serra,SP,18190,,,,false
201,2ee1f65b4197b8eb29826c06b876ba67,itaguai,RJ,23820,,,,false
202,2f2c5d1fdc5db8d9302cec6fd6dad0ad,rio novo do sul,ES,29290,,,,false
203,301a6d74a3eb7cd8e3508a045b8fa2e1,concordia,SC,89705,,,,false
204,30252a1d57cd506ae0f8e4d17ea834c9,recife,PE,50960,,,,false
205,3030f6c7798037acd63d5d7e359b3f0b,rolandia,PR,86600,,,,false
206,3078dfe83b099ae6ebe055be3abe0c0d,brasilia,DF,73035,,,,false
207,30a7c7292c38ac22477fcb75306ac4ef,barra do garcas,MT,78600,,,,false
208,30a8328a39c99665deea9fe8954e8339,navegantes,SC,88372,,,,false
209,30cdd9eea2b6192b8fa65c9ff5e59acc,sao goncalo,RJ,24722,,,,false
210,30e105cba6d3ced811512c8cf4f50a82,belo horizonte,MG,31615,,,,false
211,312f3a7159f8ae9a13199d7fbc53d1c7,tres rios,RJ,25802,,,,false
212,313a1411e58266af71ecec9da279ad12,belo horizonte,MG,31310,,,,false
213,313fc07d700930f4fbb8c08c5f5ebc20,curitiba,PR,81270,,,,false
214,3151a81801c8386361b62277d7fa5ecf,caxias do sul,RS,95110,,,,false
215,316d6ccdf24ac783b5e4ccdff8506af9,volta redonda,RJ,27265,,,,false
216,317a5bc8cf58c4401e221c74d7a51982,belo horizonte,MG,30830,,,,false
217,318a8173e6ffb6811284913d9e25bae9,sao paulo,SP,8081,,,,false
218,31934416054332748fd3fa41e7e3ac12,belo horizonte,MG,31748,,,,false
219,31a5a2b6f59607a0c7ba435e40316362,rio grande,RS,96211,,,,false
220,31d01917860b026341cdde17c942b59b,barra mansa,RJ,27351,,,,false
221,323630f1bddac4dc06bf3bdeb90dbe36,brasilia,DF,72225,,,,false
222,324b9a2e37fc2ab928a842b9429c46ea,guarulhos,SP,7072,,,,false
223,32fb60e2ce6a1f62eeccbc2d33046072,sao paulo,SP,4561,,,,false
224,3321a75303831a580b0973bbf54900da,ipatinga,MG,35160,,,,false
225,332cf4e83e16004ba7dca932ce82475b,porto alegre,RS,90010,,,,false
226,337691bc9242e1d53d521ed78a12ab8d,santos,SP,11065,,,,false
227,339f6d44a550afdaf2a4a9a29d091d16,sao paulo,SP,2230,,,,false
228,340152332a04149987a705602615f0d0,maringa,PR,87030,,,,false
229,341239d242c4e123125d42e14b7132b6,santa maria,RS,97030,,,,false
230,3420ecc1371e17140c73a1dd148b7390,florianopolis,SC,88052,,,,false
231,345ecd01c38d18a9036ed96c73b8d066,campinas,SP,13056,,,,false
232,34b0cd95480e55c2a701293a2b9671b3,sao paulo,SP,5171,,,,false
233,34c6f984b590bbfe3d4d6c76007c0b1c,rio grande,RS,96215,,,,false
234,34d93be3a57e6f8bba423d9064cda7c8,belo horizonte,MG,31741,,,,false
235,34f0b37e89f9ef4768bdd233630f9b62,sao paulo,SP,5894,,,,false
236,35525a882b83a865080254c1812945f9,campinas,SP,13041,,,,false
237,3574bc798156f406b12f377bf3fdd381,tres coracoes,MG,37410,,,,false
238,35e8b4c2a64acb75f3bf063d82a8478b,nova iguacu,RJ,26083,,,,false
239,3654085ce61efbb9a73d03c7d94a46b4,lages,SC,88505,,,,false
240,36c2e404800b055e0ebeb26c96e23fd0,goiania,GO,74595,,,,false
241,373f58d5685e5d041b9fb63c7c580593,mococa,SP,13733,,,,false
242,374026021639ada6e97c12b31a997a64,campina grande,PB,58407,,,,false
243,379634bbb8d01b2b2c91db9cfc4655e0,ponta grossa,PR,84025,,,,false
244,37e1a83b513512531032b4a9c43bab5d,sao paulo,SP,2631,,,,false
245,3841e1601654a5e39f3455f9c8a14f41,salvador,BA,41230,,,,false
246,38e31fda99a5fb901d27134d18d36c75,belo horizonte,MG,30644,,,,false
247,39618678c9395910a7d675df2b0af941,conquista,MG,38195,,,,false
248,3971f4c7f3c96fef10932785e1093510,votorantim,SP,18111,,,,false
249,397cc6f362ce814681a6d95e3b9cde2c,rio de janeiro,RJ,22631,,,,false
250,39d16e1ef9c58bb82e54cf87906c185d,mirassol,SP,15130,,,,false
251,39d7ce28dfadb187458ae98f1e7e3857,sao paulo,SP,3420,,,,false
252,39e2788db03e5eaeb2935a7e479682c6,cacapava,SP,12280,,,,false
253,3a1e94e3308e45730624bfb5c0b3bdd3,itau de minas,MG,37975,,,,false
254,3a62a4803c77457a96c996a9db36a662,varre-sai,RJ,28375,,,,false
255,3a653a41f6f9fc3d2a113cf8398680e8,vianopolis,GO,75265,2018-08-08T08:38:49.000Z,0,0.00,false
256,3a73ce6fc3b392e1ca609b5548418c36,natal,RN,59063,,,,false
257,3ac72367c83b28a9ff5508e4e5abeef7,lages,SC,88501,,,,false
258,3af0b2f7654f613ff1527b997a2ac57e,dourados,MS,79804,,,,false
259,3b460ededc4c23cb9eae28c706b3a310,paranaiba,MS,79500,,,,false
260,3b885932732cd5252c8243102ab7fc79,sao joao de meriti,RJ,25545,,,,false
261,3c34090736785a45dd8cbf536ad289c4,cambe,PR,86181,,,,false
262,3c631f7224998f22c0fa884a2e04e39c,ariquemes,RO,76875,,,,false
263,3cc4abcf6c4d8a077b3c110ac04eb272,maringa,PR,87043,,,,false
264,3ce128c0db0a5e430f1a998105944d59,nova iguacu,RJ,26210,,,,false
265,3cf7c427d21f1f414a8bfceac52e4c58,diadema,SP,9950,,,,false
266,3d49f4455a3947c8dd7e972b3ad8cb76,sao paulo,SP,5017,,,,false
267,3d63d3e85947d64c59f9d3b6f43b4027,taperuaba,CE,62106,,,,false
268,3d7fb21a86fa49b9dce2ac0814d6dc22,ponte nova,MG,35430,,,,false
269,3da7750bf3c1dbd724624a60a9f5942b,rio de janeiro,RJ,21310,,,,false
270,3e3048f4f31ca9a28f05279f3554c715,passa tres,RJ,27470,,,,false
271,3e41c85ccb429fd9a03422dc9f0c18a1,uberlandia,MG,38408,,,,false
272,3e6580b01b9b859832d81c9e14d439e7,sao roque,SP,18135,,,,false
273,3e6fd6b2f0d499456a6a6820a40f2d79,pacaja,PA,68485,,,,false
274,3e8f3e58aafa9bb38d7b2ace611ff6af,sao paulo,SP,2376,,,,false
275,3eddcc05abf2cf434aae2a9662597353,ribeirao preto,SP,14015,,,,false
276,3f31485edb88c756d5163cdcea80d7ed,claudia,MT,78540,,,,false
277,3f43c86453d02badf9c09a8149b620d3,porto alegre,RS,91370,,,,false
278,3f9d987156fddc08ef77f52d1a15c073,mogi-guacu,SP,13840,,,,false
279,3fc63a1cff1beeaf62fff26f695de143,maua,SP,9321,,,,false
280,3fdc39171d444e1a1cd4da98ac2e4adb,curitiba,PR,81250,,,,false
281,3ff874206f1d7d1e3ffe12bc9c88c27c,porto alegre,RS,91781,,,,false
282,4071d48a2d0d0bf179c06fc42b962e1f,jaragua do sul,SC,89260,,,,false
283,408b1dc1bf28c3245e5eca9097e14b9f,sao paulo,SP,8240,,,,false
284,40b1c1468c27787235deb9bf979fd51d,sao paulo,SP,2804,,,,false
285,40c4c308279011b2e5b85c75579f415d,sao goncalo,RJ,24750,,,,false
286,40febde16f4718a5def537786473b0be,novo hamburgo,RS,93415,,,,false
287,41678bd77f241a2270d0a5d905b22020,barueri,SP,6414,2018-07-04T20:50:40.000Z,0,0.00,false
288,41d92d0cb5f7f9ec270a722ff8fef153,vitoria,PR,85139,,,,false
289,4232024117e4618d2cfdc07c30b5d3c7,cruzeiro,SP,12721,,,,false
290,423829fedd48d538a2e70c875c52967f,campinas,SP,13060,,,,false
291,42398dee8f2098eec5579129cc1a6f5e,sao paulo,SP,3805,,,,false
292,424aca6872c5bab80780a8dec03b7516,sao jose dos campos,SP,12235,,,,false
293,4274c9d2313a7fbac9703456d8a788f3,sao paulo,SP,4342,,,,false
294,427be1ae47bac17e53cd13061534a4e0,itarare,SP,18460,,,,false
295,42b73a45a3b9a668a96d93f02bc62144,sao paulo,SP,2365,,,,false
296,42d2b957a53f0240c81dee35a2463059,goiania,GO,74423,,,,false
297,43676e9993577d1991036ea6720213de,vargem grande,MA,65430,,,,false
298,437869c8fa511c68c9e1f61cfc11d30e,santo antonio da patrulha,RS,95500,,,,false
299,4390ddbb6276a66ff1736a6710205dca,curitiba,PR,82820,,,,false
300,43f0b8fa25a050c02dc18e166ed574ef,guarapuava,PR,85035,,,,false
301,44e9a1246448bd68a2e3bf0f1966c57a,sao paulo,SP,4537,,,,false
302,45aa853a9151e2760eaf935622413c41,aperibe,RJ,28495,,,,false
303,4626d9d18722ef09665317afb9666980,tiangua,CE,62320,,,,false
304,463093247faa080167d77f2e6d1b297d,salto,SP,13321,,,,false
305,463d8425827e81d905edf86f9c231eef,cabo frio,RJ,28909,,,,false
306,4669d94e1e35f2493af76862ff85beba,sao paulo,SP,1527,,,,false
307,466c3a741a952640c1984a48ebbffbf9,rio de janeiro,RJ,22251,,,,false
308,468d559ef2dcd2bea6d8db78959fb90f,araucaria,PR,83709,,,,false
309,4700fb5c5be4d27d6bed7cb5185e6c48,sao paulo,SP,2762,,,,false
310,470a8f2e1dc7b277e4625f23039c6f84,belo horizonte,MG,30380,,,,false
311,476044a045850de49b672f57aee54b5d,fortaleza,CE,60831,,,,false
312,47bd939e378c0ae8734c7c4194f52cfd,belo horizonte,MG,30290,,,,false
313,482441ea6a06b1f72fe9784756c0ea75,sao paulo,SP,5713,,,,false
314,483686d2c2ea82359b6aa0bb2b20829a,sao paulo,SP,4313,,,,false
315,483ccebb9c42ae89d35740fadc153835,sao paulo,SP,1424,,,,false
316,48464d1565a9447566fa926099aa5d9b,volta redonda,RJ,27213,,,,false
317,4914496b4e80679b99277e6a337715b7,sao paulo,SP,3704,,,,false
318,494c6658198b47787205a06421bb9403,sao paulo,SP,1321,,,,false
319,4965a4e8d51667a93ac39e04aefb33be,rio de janeiro,RJ,20530,,,,false
320,49d1599dd80dedc213037342bbe43fd7,atibaia,SP,12945,,,,false
321,49d79c76cf12065b7a08103cdba3e1b8,moncoes,SP,15275,,,,false
322,4a362420541051d3d4055a777681ccbe,mogi-guacu,SP,13843,,,,false
323,4a4de987b37555970ffcc9608d858a72,feira de santana,BA,44033,,,,false
324,4a51a701a27196367845d9299bee729e,parnamirim,RN,59152,,,,false
325,4a665a3b72a99832d62015e9721b1cac,sao jose,SC,88110,,,,false
326,4af9d92576710a7d35603adfdff67acf,santa cruz do rio pardo,SP,18900,,,,false
327,4b384b778ebc0449d0244902bfce7beb,belo horizonte,MG,30170,,,,false
328,4bac35931842898ef246fe185e61f7b3,urucurituba,AM,69180,,,,false
329,4bc7250d4b42b3374eb6f41b12429592,sao paulo,SP,4710,,,,false
330,4c592d97ec529a019883285afe424187,caxias do sul,RS,95124,,,,false
331,4c93744516667ad3b8f1fb645a3116a4,jaragua do sul,SC,89254,,,,false
332,4c9f7850ecd8952525191c444fe9079a,itabira,MG,35900,,,,false
333,4cbdc0f2029c78a012c400623a82e55f,sao jose da coroa grande,PE,55565,,,,false
334,4cc24e44f98ce556d647948ae2d27cc9,sao paulo,SP,4717,,,,false
335,4d0063e13c579513a5892115c789682a,uba,MG,36500,,,,false
336,4d0bd25308e9d7d0a301223f3d814f85,ponta pora,MS,79904,,,,false
337,4d160824ea5977aa52fef32596211a93,valenca,RJ,27600,,,,false
338,4d221875624017bc47b4d1ce7314a5b7,cachoeiro de itapemirim,ES,29311,,,,false
339,4dad028c287475ff2421bdb9c9b5dd2f,porto alegre,RS,91751,,,,false
340,4dbafcb931c678dd5ba9a20ed4f01f7f,marilia,SP,17512,,,,false
341,4dbc9e60ee79f8547f8a3fe7f3d02fd1,agua doce do norte,ES,29820,,,,false
342,4de0066d5e32f9bd282991a485d35c03,brasilia,DF,70390,,,,false
343,4df9aee56fa602c72756abb22ee60b17,taboao da serra,SP,6764,,,,false
344,4e22af73a91ab5ed077a5f8033ec0f5f,campo limpo paulista,SP,13232,,,,false
345,4e65032f1f574189fb793bac5a867bbc,sao caetano do sul,SP,9531,,,,false
346,4ebfd10a85099b098816cbbca0604b59,contagem,MG,32044,,,,false
347,4f6d635ff2fd4e30ff5369a7b943eb22,sao paulo,SP,8340,,,,false
348,50aef30dabc7aca975dbdec85dcb848f,maringa,PR,87025,,,,false
349,51123d30e274aeedc27ae7f4d1abed14,barueri,SP,6454,,,,false
350,51c79069e6b841c2dcda39aadd3180cb,manhuacu,MG,36900,,,,false
351,51e96af5f0314b37ecdc524b4c44c06a,joao pessoa,PB,58011,,,,false
352,5254c0eec4d1c586e4e6b59fba3d33ea,sao paulo,SP,1131,,,,false
353,5273449e12a174a67f5423126de96435,serra,ES,29160,,,,false
354,527c6fbbe85cdf78ff1645e0a71e266f,sao paulo,SP,1455,,,,false
355,527d59def65c2a1300ae5c4138c279ea,sao paulo,SP,5303,,,,false
356,52b0e4c820d4bf6ff9b2f4ca48514319,sao paulo,SP,3609,,,,false
357,52b8fc428690f8974a3d3ff3a162f7b7,sao jose,SC,88106,,,,false
358,52e57dd9218d99ea21b26f00c9151761,cabo frio,RJ,28909,,,,false
359,5331278432c1d2f87ce463412a344d1e,jundiai,SP,13201,,,,false
360,533959cf0ee1554e269d8cc79f12a7d1,santa cruz do rio pardo,SP,18900,,,,false
361,536dfadbe03a1508f0300502ddb0545f,belford roxo,RJ,26185,,,,false
362,53b5f3ee447865c2de22e4814ef70bbe,goiania,GO,74825,,,,false
363,53ce59821e6c5041654f61c58e99bcc2,sao paulo,SP,8080,,,,false
364,54350062476d8cadeb3460a0afce6735,curitiba,PR,80620,,,,false
365,544d0f13064dc42b8f6957cf43fa5cad,rio branco,AC,69918,,,,false
366,54fccbde5e005f2dbc6ad8d5473c9ac7,sao paulo,SP,8490,,,,false
367,55a269f324455e78349e7b9b7e7e5911,sao paulo,SP,8072,,,,false
368,55caae104bb0aefc6d44031e49373db4,porto alegre,RS,91760,,,,false
369,55d8e264560be17cdd7eb91a613d887a,belford roxo,RJ,26155,,,,false
370,55f21db4f9a353dcee5b774f750c65a1,alfredo chaves,ES,29240,,,,false
371,56636fd22de1a315b8a50d45cf94d859,nova bassano,RS,95340,,,,false
372,56d30b9f16c42d707d89967161296a04,jaguariaiva,PR,84200,,,,false
373,57b2a98a409812fe9618067b6b8ebe4f,timoteo,MG,35182,,,,false
374,57d2e3a4c3b277bea367027f105f1c02,paranagua,PR,83209,,,,false
375,57e5587a5f1c3fcf65dff88c6d088cef,guarulhos,SP,7197,,,,false
376,587b326ba3bf8aa4d3e50fb1f38ea79f,cotia,SP,6722,,,,false
377,589ee29a3decf9bd5cd8492da02efb2e,cariacica,ES,29155,,,,false
378,58c9adbd05815ccb9c1e1ddf6a8f6124,rio de janeiro,RJ,20020,,,,false
379,58e1140fb8f15f1a010d01a34bfbf77d,santo andre,SP,9030,,,,false
380,58e41c352b12a7e96c322dca803dc08f,teresina,PI,64053,,,,false
381,58ee10603291fb595e840bea6f400d41,teresina,PI,64017,,,,false
382,59150cde6405fb8f31f6dd1882d15754,rio de janeiro,RJ,22290,,,,false
383,5922ce0b65492e91ac07ffa3b77b2cff,macae,RJ,27910,,,,false
384,5988cee3152a64b959afb5a6eeb87a4c,pirai,RJ,27175,,,,false
385,5a6012519d0cf9a2103bd2170a81b833,votorantim,SP,18110,,,,false
386,5aa54d66adf169b992129dd4456b048a,mangaratiba,RJ,23860,,,,false
387,5acf34561af0200eb8fe2307fdb126e6,rio de janeiro,RJ,22461,,,,false
388,5ad58a4e6a1a656b6bed070cadbaa003,santa barbara,MG,35960,,,,false
389,5ade76c1b8598f4752607e46984950d5,rio de janeiro,RJ,22780,,,,false
390,5af79d89508d36628b0796f94afa3fa9,sao paulo,SP,3429,,,,false
391,5b23e3a673f41c47a1cd5093f7843d9a,salvador,BA,40323,,,,false
392,5b424d5287408acfeb03ad7fed722545,farroupilha,RS,95170,,,,false
393,5bd72a5ba72683010f8385cff8bb92fd,brasilia,DF,72220,,,,false
394,5c2991dbd08bbf3cf410713c4de5a0b5,rio de janeiro,RJ,22750,,,,false
395,5c2f079ede3bce29ac622ecc9bb444fb,sao bernardo do campo,SP,9614,,,,false
396,5c3a15e958c7a36e722408cd2ce8b34e,sao paulo,SP,1044,,,,false
397,5d348bbc0f1a5cc45c3e4b93b8c9f802,sao goncalo,RJ,24431,,,,false
398,5e21109503a635f7ad93db18a7ee4a21,petropolis,RJ,25645,,,,false
399,5e65571d0f33dc17c099484ae3f25a4a,florianopolis,SC,88054,,,,false
400,5ece49e012285b9003d084a4ea8a9c94,sao bernardo do campo,SP,9862,,,,false
401,5f102dd37243f152aec3607970aad100,santo andre,SP,9121,,,,false
402,60d23aecbf66b7f5058003a86e89232b,belo horizonte,MG,31330,,,,false
403,60f874c577dc096ecd52bd0bf6bd5942,astolfo dutra,MG,36780,,,,false
404,610d3e47ad4921adc40aa9fd6bbeeaa5,jambeiro,SP,12270,,,,false
405,61172f1f85b147f579536247e376b782,diadema,SP,9950,,,,false
406,611b8fe01324647fa20c6f629dfa5b6e,sao paulo,SP,8451,,,,false
407,61657cd378eabeaa8ec89a448432357d,rio de janeiro,RJ,20775,,,,false
408,61b1cf555fffb6c8845d81e8aa44f7e5,sao paulo,SP,3575,,,,false
409,627d075513dade14e0fca3b59dae6614,altamira,PA,68371,,,,false
410,629fb99609e4613c746af4eaa455c91a,sao paulo,SP,4427,,,,false
411,636f22218f8430a8463c5ddc5f68fc62,araraquara,SP,14802,,,,false
412,637c2caca17c2bf9fe41e50a6fcec9ed,cortes,PE,55525,,,,false
413,63df651d5e8adb6a0e4baeb66a0eea37,birigui,SP,16202,,,,false
414,63fe99fa23473a7340917d48f548ccd7,barreiras,BA,47800,,,,false
415,643b807a55c5add3c91379b31f50d206,adamantina,SP,17800,,,,false
416,64b4630b1015051dc3c2e286684d444f,uberlandia,MG,38413,,,,false
417,65333bf484bb685082b70adc3e154aeb,ibiruba,RS,98200,,,,false
418,659b895fc430805f484d0beef89bf146,ipiau,BA,45570,,,,false
419,661bcc412eb64f26a12a5c0c46cbb449,florianopolis,SC,88058,,,,false
420,663a02b5b809485e2e0a1db9a6003146,itagiba,BA,45585,,,,false
421,66cc90195ca44cc7ac6a1cd0e1e1e7b2,guarulhos,SP,7053,,,,false
422,67626c49069bdf05ff127d59a6649948,camboriu,SC,88348,,,,false
423,67b05b597a66b5c449025000b9430abb,picos,PI,64605,,,,false
424,67d21c8bea9d6017d1b124d3879dd815,sao paulo,SP,5415,,,,false
425,67fcfe4915b93624867d350b8191ff7b,itapiuna,CE,62740,,,,false
426,68238c59076a730633bd2e71a08bdf95,sao paulo,SP,2435,,,,false
427,6832ad9ac97f82c7c5d614fb8e632e7b,rio de janeiro,RJ,21740,,,,false
428,68d8acf19d02fb3b95c8954d31d75448,goiania,GO,74825,,,,false
429,691d75928efd2c5dd34b678f19783c28,jaboatao dos guararapes,PE,54430,,,,false
430,694cb45ff29b603ac2acd51016770097,niteroi,RJ,24120,,,,false
431,6995203f8a5ddbd2fad3a9df1e099a51,curitiba,PR,81670,,,,false
432,69f4089980dd7b42129b9e458627ec30,sao paulo,SP,3423,,,,false
433,6a8486027bddd6ae08e53aac48efb2a6,sao paulo,SP,4183,,,,false
434,6ac6902b78ed854e42f75c8e25234e8c,sao paulo,SP,4704,,,,false
435,6ad430c5fac5e72b42f74af4ad7e98f3,sao paulo,SP,5451,,,,false
436,6b0c568efa39d9923961096ab40d3ed9,rio de janeiro,RJ,23052,,,,false
437,6b3b92110c5adfe4a1334369d1ef2533,concordia,SC,89705,,,,false
438,6b3e85b566abefbb24c346a5c2faf23f,porto alegre,RS,90620,,,,false
439,6b4317e342a438c1285889fda1eac3fa,jau,SP,17205,,,,false
440,6b7e1090d106aaee31d5ed12d2bbc2af,sao paulo,SP,1310,,,,false
441,6bb3b4d34fb8f3c620d799442a568788,sao paulo,SP,2443,,,,false
442,6bb68e803ab5d836c7bdb0c3d3281953,rio de janeiro,RJ,21240,,,,false
443,6c286f4b415764f00f8ebbe4f8fe271c,itapetinga,BA,45700,,,,false
444,6c3974f2a296fbcb0aa071279dbf6f24,limeira,SP,13482,2018-07-23T19:25:17.000Z,0,0.00,false
445,6cc5f19513662ec401e8ebbbe399ed06,piracicaba,SP,13400,,,,false
446,6ce73016161f051b4267667a28bb417e,porto alegre,RS,90450,,,,false
447,6cf79118c9f8d0f9658313a4a6e14ee7,pindamonhangaba,SP,12413,,,,false
448,6d06583742c138d70b952a6f5f4fd62c,sao sebastiao,SP,11618,,,,false
449,6d3f61e35d0422fd8cae65b1798784be,sao paulo,SP,2175,,,,false
450,6db067a3f4b85eb84066bfd8010ef99a,sao paulo,SP,3165,,,,false
451,6dd5be3b2a4f4f7fe09e81590896fa0e,alegre,ES,29500,,,,false
452,6e4188c01246d30b20d17a1ed42094fe,rio de janeiro,RJ,20030,,,,false
453,6e74a070e214eca4da1af1d8c10e0b98,rio de janeiro,RJ,21550,,,,false
454,6e9c6c2120611104445c767b78377d21,ribeirao pires,SP,9431,,,,false
455,6ec999e67c5e05c33554a4ba2db847bb,americana,SP,13465,,,,false
456,6edd17d0a29e2d4057e694afee5eaa3b,campos dos goytacazes,RJ,28010,,,,false
457,6f65f19c2dcfcab8b76b2fafb5b840e1,aracatuba,SP,16010,,,,false
458,6fa75bcd8374aaf022bf590a4aad45e2,sao paulo,SP,3319,,,,false
459,6fa9f081d9c0b44b00b3d343c2a4e2c5,sao paulo,SP,4809,,,,false
460,708dc8654f9d1d415d0ea6fffb898f2e,divinopolis,MG,35502,,,,false
461,70a252703c9e9801d4f69aa10f583a41,monte carmelo,MG,38500,,,,false
462,70a8db6a5ae17c3a4e5df68bbeae451c,teresopolis,RJ,25963,,,,false
463,70e15e657d597f3c096fb696e815018f,rosario do sul,RS,97590,,,,false
464,71200e5ed443c22e1df3cfe1e053c07c,sao paulo,SP,2082,,,,false
465,713de21fd33b1ed45f482d7ba22d51e2,passo fundo,RS,99010,,,,false
466,717aa48025662fcf27ddebbecc5f782b,salvador,BA,41706,,,,false
467,71d51db38ef92c129499061c9cb227f9,teixeira de freitas,BA,45986,,,,false
468,7236dee958fe8db7b71ae8858c07640e,rio de janeiro,RJ,23515,,,,false
469,7247db1739364b45ac4fcd830ffeabab,sao jose dos campos,SP,12246,,,,false
470,726c8f1821bccdbb500536a36b6804bc,rio de janeiro,RJ,23058,,,,false
471,72739f22a5493890de8cc7f5a1105a1a,matozinhos,MG,35720,,,,false
472,728bcc9495f951828608dbbf3a7e36b4,sao paulo,SP,4295,,,,false
473,729e9d3fa93475add3ea25424e83e1ad,sao paulo,SP,2559,,,,false
474,72eadb2fd1950044892dac115617c6a0,anapolis,GO,75064,,,,false
475,73a0200d198dbc7022fbcb361cbef7f9,ibia,MG,38950,,,,false
476,744fcfb3939c1c57f16cb00f263c3929,niteroi,RJ,24230,,,,false
477,7530369a1ddf13882910895b0559423d,sao paulo,SP,3951,,,,false
478,7556f182460418cf30957e6ce377c674,sao vicente,SP,11347,,,,false
479,755bdc2822a8f01cfcec19ae4dcaae66,sao paulo,SP,5590,,,,false
480,756ac4f4c1bfd6e7c652e37e33254dbc,sao bernardo do campo,SP,9861,,,,false
481,75897dfb21f53272945a344799721579,jacarei,SP,12334,,,,false
482,759d68713a15c3b9a52b377694b94efd,niteroi,RJ,24230,,,,false
483,75d62b9a2050292984f91605099ca0c6,porto alegre,RS,91350,,,,false
484,760caff27799b863021f2591c828dad7,cacapava do sul,RS,96570,,,,false
485,76464fcf73d60dc8e2166448bd23a1bb,rio de janeiro,RJ,23040,,,,false
486,7649b15c0f9e10a06fd969de050553bf,rio das ostras,RJ,28893,,,,false
487,7677c213007e9a6ec9267ea50b5ce5bc,sao paulo,SP,2075,,,,false
488,76967eb50da869a312fc4adae1fa5309,sao paulo,SP,2410,,,,false
489,76b029c87118a29f2e3de420f5ec2fa2,uberlandia,MG,38408,,,,false
490,77109035aef26917b4c23dc142a55bde,curitiba,PR,80060,,,,false
491,774efd8e5cc822162e0af7311d81f5c1,agua fria de goias,GO,73780,,,,false
492,77528332d8d9e9a13c03da164e28040f,santo andre,SP,9280,,,,false
493,77a63731fc358f68a5ce26211fc340a8,contagem,MG,32145,,,,false
494,77f990b8b2cae027e436e8b74a1e7d68,suzano,SP,8671,,,,false
495,78681ccd3cdd568237129b2e5509eb73,sao bernardo do campo,SP,9627,,,,false
496,78c5f76b60a3a2588635aadc70e34df7,araguari,MG,38442,,,,false
497,790352c18a7b36b50eb483aa9eba0a43,jacarei,SP,12321,,,,false
498,79051ee5ee98c4bd6982e67e2e79dbcb,franco da rocha,SP,7847,,,,false
499,79066fb583868e4fdd17fc83a96db5e8,chapada do norte,MG,39648,,,,false
500,794dcff1cc7dee09bea35d1d20994c99,joinville,SC,89228,,,,false
501,795ec127906a9e161109399a70f5826d,januaria,MG,39480,,,,false
502,7974f57adaf05f72a06c307cad9db6f7,carapicuiba,SP,6381,,,,false
503,7981196c7252350915beb9a7367d40b2,mogi das cruzes,SP,8743,,,,false
504,7a380cb5434e6b6b5b37d45bb99dbe8a,sao bernardo do campo,SP,9890,,,,false
505,7a6156ef7451bb5f25556d7332d1cf77,cacapava,SP,12286,,,,false
506,7a78c6e53163e36c68d2f22f5909b0eb,tupa,SP,17602,,,,false
507,7ae8e196478928ab8223458a90681d26,campinas,SP,13050,,,,false
508,7aeb8dc11cd50c32f37fea0435c4e9b1,sao paulo,SP,5874,,,,false
509,7b0cae22ae2b6cf88163a50600da4ee2,fortaleza,CE,60181,,,,false
510,7b24d0e6584ac5a21ec1256d96965500,divinopolis,MG,35500,,,,false
511,7b3b8cf6cef1b5fb3f47348a33cd6d42,cafeara,PR,86640,,,,false
512,7b436cdf595907b9b0b142e8177c0072,sao caetano do sul,SP,9551,,,,false
513,7b6d07dac0a2c373d749142e920ae356,santo andre,SP,9111,,,,false
514,7be63f0ed4d9c76ed55844021da8d5e5,mogi das cruzes,SP,8830,,,,false
515,7bf1c59401206e31a78523077f3a1144,taboao da serra,SP,6765,,,,false
516,7cc3f51930537216ff70ecdc8f506a37,manaus,AM,69049,,,,false
517,7cd7974c9f79f75b77f323878ef87f43,cubatao,SP,11547,,,,false
518,7ce5b57a120a2da6a804afa58ffcbfb5,montes claros,MG,39406,,,,false
519,7d435b111211b3f34f6995914fdef980,campinas,SP,13063,,,,false
520,7da3054afe371affc14d26cc2cc04358,sao paulo,SP,3574,,,,false
521,7dc06f440f8107432896e33a18da3e38,guarulhos,SP,7080,,,,false
522,7e5561ad5c5a136c9768371b733462c9,rio de janeiro,RJ,22231,,,,false
523,7e8ace5e83e019d284a1cf0108b57f94,salto de pirapora,SP,18160,,,,false
524,7eaa86786b5955ab188db287f4726d79,botelhos,MG,37720,,,,false
525,7f3a72e8f988c6e735ba118d54f47458,sao paulo,SP,5416,,,,false
526,7f8332909b975683069ed4777867f021,aparecida de goiania,GO,74973,,,,false
527,7fe108cef30f4cca2f8696a711a07d0b,sao paulo,SP,4003,,,,false
528,7febafa06d9d8f232a900a2937f04338,paracatu,MG,38600,,,,false
529,80042d5c5e74c4cd745d8c8832f1b506,sao paulo,SP,2374,,,,false
530,801b53359d2880a9bff63574103fb74c,sao paulo,SP,4455,,,,false
531,803c9b252709beca97a308a9197371ff,sao paulo,SP,5450,,,,false
532,809353196a0456095716566dd226bb48,sao carlos,SP,13569,,,,false
533,8106dda85e61ac65b597178f5eb9ee99,brasilia,DF,71720,,,,false
534,81332bd0a95775e25469d45e070b8e65,sao paulo,SP,4401,,,,false
535,81814a8a85ef3b0cace32bf039a7a31c,santo andre,SP,9061,,,,false
536,827af9fc3113e6e7b0cdc85dea8fa44b,niteroi,RJ,24358,,,,false
537,82b2b6a27479a25369741ff265a19a49,maceio,AL,57084,,,,false
538,82d3e8adcc5eaecb0594f0b20a105d93,sorocaba,SP,18040,,,,false
539,82e96a74eeb99b61395a1403630fe437,uberlandia,MG,38410,,,,false
540,8377420a8b3549f6f40dca93815ee602,sao paulo,SP,4723,,,,false
541,839bbfd4ff93b592c82a44dcaa9515c3,belo horizonte,MG,30330,,,,false
542,83ec837051b48b7b5bd1c090ade0b5ef,belo horizonte,MG,31170,,,,false
543,84032c13e75382a35c99ae73156b30b9,rio de janeiro,RJ,20250,,,,false
544,843c7e9e24758cfbc00dd941be3de79b,ferraz de vasconcelos,SP,8536,,,,false
545,84534c29f49cfc37bda78a29e6c6b629,porto alegre,RS,90440,,,,false
546,84da12896f5cde5ebcb0c8bc0f35e26e,belo horizonte,MG,31260,,,,false
547,8533fef411165ea5df3fe583670a76cf,santa rosa de viterbo,SP,14270,,,,false
548,854de56486b249c1dd6b2e23ee5ea8b9,bicas,MG,36600,,,,false
549,8574faf241b0a789d42051aa783d46dd,sao paulo,SP,5792,,,,false
550,85d234692f7bee8d6fea586e237334b6,sumare,SP,13175,,,,false
551,860251114960c25499acca49949b1f12,niteroi,RJ,24360,,,,false
552,86085586aaa8c5f47ed0b400da64c59d,guarulhos,SP,7176,,,,false
553,861eff4711a542e4b93843c6dd7febb0,franca,SP,14409,,,,false
554,86a01fa0e06f44ce0edf54c195443036,vila velha,ES,29101,,,,false
555,86d1b878456bce15bcc9c4848207a785,lins,SP,16403,,,,false
556,86ee190a174409391a427eed6f5e2728,sao paulo,SP,2804,,,,false
557,8728c766c84eeda24b3e54fe6e632051,paulista,PE,53437,,,,false
558,873b6512a80d4ccc7ec1ad735ab81a81,guaicara,SP,16430,,,,false
559,87a2388f0ca83070c02e32cde2e18fa8,inhumas,GO,75400,,,,false
560,87a7c3090f96d9da963125a0d7f8193a,osasco,SP,6114,,,,false
561,87cb6f9be6c56d669ec568ee36d1d4cc,vitoria,ES,29090,,,,false
562,87edab6661956d4d2f05e205251cf1a4,sao bernardo do campo,SP,9784,,,,false
563,887698bc22a8aad2016a5134f3d10368,itajuba,MG,37500,,,,false
564,88baa2a0a13e63c2e2b3ebc09595e4c8,gurupi,TO,77440,,,,false
565,88e20be8c5d9b89c98ac48989949983f,nova iguacu,RJ,26013,,,,false
566,8961b4ca2c5aceb7a78ea72c6e0c840a,osasco,SP,6056,,,,false
567,89e3027de49c3012858cfeb7f5a34f59,sao goncalo,RJ,24724,,,,false
568,8b28d6ec6f6a9124310e82e5a55f35de,ponte nova,MG,35430,,,,false
569,8c2a5c47e0c02478c440038904724cd5,sao jose dos campos,SP,12215,,,,false
570,8c8fccc50566baaed602e3775d9d5665,rio de janeiro,RJ,21515,,,,false
571,8d46223c91cbeb93e0930ca8bd8ffca2,sao jose dos pinhais,PR,83085,,,,false
572,8d9399ba84c5c3b8d7952f8700845209,sao paulo,SP,3546,,,,false
573,8d97ec3fada2f08485838b53e2d70bcd,vila velha,ES,29104,,,,false
574,8dc17b53543ee0ff19970896cfc6c750,rio brilhante,MS,79130,,,,false
575,8de2a640697fdc751bf88a16ae07591d,vitoria,ES,29026,,,,false
576,8dfb24fac32ec7170821d2be63fa9c1c,pocos de caldas,MG,37701,,,,false
577,8dfbc9064378d19ac99a21ac353072d7,niteroi,RJ,24240,,,,false
578,8e0275b5c7fb6f05e312a1079a674410,porto alegre,RS,91130,,,,false
579,8e323c75fdec6658ed2933b3f2ecc33a,juina,MT,78320,,,,false
580,8e990907b56d2383d3a39bf0cf9a3f42,sao luis,MA,65067,,,,false
581,8ec9e01dc8cbd31897a2f2116c5fbae4,santo andre,SP,9271,,,,false
582,8ee330dd325716db048bf014601e3fa9,diamantina,MG,39100,,,,false
583,8f1b15e134107b88557c55167040c6b3,sao paulo,SP,3923,,,,false
584,8f3eef80fef6d26aca45231210bcfe63,sao miguel do oeste,SC,89900,,,,false
585,8f601c7d9263ca954656792b02517b3b,rio brilhante,MS,79130,,,,false
586,8f74bd69c228697504acd82dc22ed019,uaua,BA,48950,,,,false
587,8fd232dc0c1648e549e2811728f6076d,artur nogueira,SP,13160,,,,false
588,8fde03547587c1e6f97d14148f422242,ipiabas,RJ,27170,,,,false
589,9065001c21c6240da6fa642651772e60,rio de janeiro,RJ,20240,,,,false
590,9072b46e3b68961565477d90b24092e9,braganca paulista,SP,12900,,,,false
591,90d479448b39ad9586d05da64cfb695b,sobral,CE,62016,,,,false
592,91275e7b1847f102954b73d856b4eee8,brasilia,DF,71908,,,,false
593,912a41ed4b2200e0ac7b5ea1ef1c433b,sao paulo,SP,4571,,,,false
594,913a4e0cb7fe555e6cffa875ecd58e2e,sao jose de uba,RJ,28455,,,,false
595,914b142462685e3161cf3a9f4152a028,cruz das almas,BA,44380,,,,false
596,9164cd45afebaec2d61200f8f51fee45,linhares,ES,29903,,,,false
597,9173f8394714a803f3d46db497a68a19,guarapuava,PR,85035,,,,false
598,918dc87cd72cd9f6ed4bd442ed785235,lencois paulista,SP,18682,,,,false
599,91e6fd64694fa9a828270d442ba88e03,embu,SP,6835,,,,false
600,91ec50a00ae74d0a229d2efdf4344e1e,ribeirao preto,SP,14026,,,,false
601,928abb7e0e74f50a0b0136df20196cd1,curvelo,MG,35790,,,,false
602,92d6a6df2cf2d6e2fa89dc1d28164c98,guaratingueta,SP,12503,,,,false
603,9316f45a5da8403a5938bd6069b1a4a7,sao jose dos campos,SP,12240,,,,false
604,937f16b584dd395ce455ef468322b27f,belo horizonte,MG,30575,,,,false
605,93805ba8be262fe253c4284751762866,bom jesus dos perdoes,SP,12955,,,,false
606,93bf5d4e752358fa9ea738ebf793cb79,belo horizonte,MG,30664,,,,false
607,941590fb8aef66b3a8352fe7c691879e,serrinha,BA,48700,,,,false
608,944a3eacbae592a23be282b9858d78b6,indaiatuba,SP,13339,,,,false
609,945a0478f858996b861b5c9b1905e56c,rio de janeiro,RJ,22451,,,,false
610,94b39aa1097125d918d16bbe14331074,barueri,SP,6455,,,,false
611,94b731a41867b47c3856e324840c4c99,sao paulo,SP,3636,,,,false
612,94e89532396b3c02f648b2bc7f93f528,belford roxo,RJ,26115,,,,false
613,95363f351776a3f8a43145c79a046053,apucarana,PR,86806,,,,false
614,9553802042571deac62d5789ed18a241,bom principio,RS,95765,,,,false
615,95700615deef776ed32faa08f0be634e,cacapava,SP,12280,,,,false
616,95b4b60a728bff942c8bd59a43effa33,rio de janeiro,RJ,22753,,,,false
617,961efa774ea7c0d0a4514295647e78d5,belo horizonte,MG,31975,,,,false
618,96b1c916f245f2462efcde3fce04bc3e,belo horizonte,MG,30421,,,,false
619,96e136c1e84c06e4f46fbabcbc3f918d,guarulhos,SP,7135,,,,false
620,9749fdb8ed91500eced9e9af5ccdb0e0,belo horizonte,MG,30881,,,,false
621,97d007095d1f9c6c5dbb15c3c1aecf5d,laranjeiras do sul,PR,85301,,,,false
622,97dc91f9e896442f6ac9650bb2a9b594,campinas,SP,13053,,,,false
623,9801a2c53e40c68803158742466ad09a,guarapuava,PR,85012,,,,false
624,9852ae41cc160b7df4017c45373187fc,sao paulo,SP,4297,,,,false
625,99172dcdec60d7c00f2f6cedcdab4c3e,cacapava,SP,12288,,,,false
626,996d5fb8a5736b0fea622c72fc1026c7,sao paulo,SP,8235,,,,false
627,99e36749c5c84dc56b13138caac13b55,jundiai,SP,13212,,,,false
628,99e41e69b60bd63edd83935499523063,rio de janeiro,RJ,21616,,,,false
629,9a855ffadc7ac38bd30515d077c31fbb,salvador,BA,41480,,,,false
630,9a8809085c8feb9360f282fba0a6d87e,campos de julio,MT,78307,,,,false
631,9a8ae5697c81ca094e4bc087022d89d9,brasilia,DF,71907,,,,false
632,9af871b776e8c4ce28cc3a468ec98de9,brasilia,DF,72548,,,,false
633,9afe194fb833f79e300e37e580171f22,belo horizonte,MG,30575,,,,false
634,9aff27e32725e7f7c395e0a79a5d173d,rio de janeiro,RJ,22620,,,,false
635,9b05b38d7d9ef19a89815c217b30fd37,sao paulo,SP,2114,,,,false
636,9bbfdf9f7f65b58481e1ed110a2eed46,brasilia,DF,71665,,,,false
637,9bedaa421783554848ab968c22aa6dfe,chacara,MG,36110,,,,false
638,9c0096673baf55453a50073f12d1a37f,goiania,GO,74310,,,,false
639,9c7601f15a64084e0e54df80e188eaad,guarulhos,SP,7020,,,,false
640,9ccbb5f759db041b2db8359d71c0547f,sao paulo,SP,4772,,,,false
641,9ccfff93c79f3dd996cce15f26480c5b,rio de janeiro,RJ,21615,,,,false
642,9cea402fce863ec4bee5af27306e213d,barbacena,MG,36200,,,,false
643,9d0ac1cdbfc919d676e2c2377abb32c1,brasilia,DF,71928,,,,false
644,9d317acb1c32146e752981044c0ea5bd,uberlandia,MG,38408,,,,false
645,9d85c39a38a86ed13978803d7560c612,bom jesus,GO,75570,,,,false
646,9d86d7101600d743968f3ec5a17d577c,campinas,SP,13050,,,,false
647,9dbb05f5577e862337b93feb8f358839,sao luis,MA,65058,,,,false
648,9e1a43ff4b344d86253ffc4afe5fb870,rio de janeiro,RJ,23059,,,,false
649,9e1f719fe5b17b9c51905fee6d6385c1,sao paulo,SP,5565,,,,false
650,9e5d0775ccf7bc4b6b192d6a84bb3f96,limeira,SP,13485,,,,false
651,9e6890852705a77f9e1ad72395131f27,belo horizonte,MG,30441,,,,false
652,9e80855aee7a17e3e214da66f7d1c08f,belem,PA,66085,,,,false
653,9f169df18e7618371e862cb1c181fdc6,rio de janeiro,RJ,20561,,,,false
654,9f16fd7755d607cff890d9af2f212340,cotia,SP,6708,,,,false
655,9f67d6145893e41e7ada2e646b84f658,votorantim,SP,18112,,,,false
656,9f735d60e4d6d3ec348d7bbdb550eb43,nova iguacu,RJ,26022,,,,false
657,a05262e3e3de722e0a42cfa3b48e622c,sao paulo,SP,3563,,,,false
658,a117fbc2530e3b766f4f14f27cfe3c25,piratininga,SP,17490,,,,false
659,a124666e823bbd5fb77a72afc8c1360c,sao paulo,SP,2616,,,,false
660,a1864cdd58debf5031958069ee937742,sao paulo,SP,1230,,,,false
661,a1b27fb279cf1f20c233f6f8c7d468ff,contagem,MG,32115,,,,false
662,a1dcf2440c6b9aec47d70595ed124ad0,porto alegre,RS,91550,,,,false
663,a1e5fdb1a21a5a35f49da96f780f4229,sao paulo,SP,4845,,,,false
664,a20ba663a5abf7b8341d5ba64f23775b,maringa,PR,87050,,,,false
665,a2346489c23a35ba85d17038fa1cb7da,osasco,SP,6283,,,,false
666,a267191e13807d158926cae6307fa9df,belo horizonte,MG,30882,,,,false
667,a26b156b97861290e0b947bcdf2b1abf,aparecida de goiania,GO,74936,,,,false
668,a296df1cf7557b871094bda3d269972e,brasilia,DF,70750,,,,false
669,a2b3dadeee49f301f5307689f05d49c2,montes claros,MG,39401,,,,false
670,a2b8841410cf77619574d311cd06fd5e,brasilia,DF,72270,,,,false
671,a2c403630a8ed427bb5d0b3d0f170f68,almenara,MG,39900,,,,false
672,a302a693d5722d95984e6472150b9391,cascavel,PR,85808,,,,false
673,a3a6f2d1b8311efa1f58c7755e022a4e,sao paulo,SP,5782,,,,false
674,a3af9db3b686f891e7f6a7d4a27b158a,forquilha,CE,62115,,,,false
675,a3bf83b50f90eb382d63942a93addf69,carangola,MG,36800,,,,false
676,a40096fc0a3862e9e12bc55b5f8e6ab2,rio de janeiro,RJ,20561,,,,false
677,a43149b43ab4253753f89fb6909d1371,jundiai,SP,13214,,,,false
678,a4813c3f53f0652da225d8410cc615a0,feliz,RS,95770,,,,false
679,a4e7c06913461ef2298e10fb4cdd2d71,sao bento do sul,SC,89280,,,,false
680,a50381d8ac7b457ced2071af9ef0caed,sao paulo,SP,1224,,,,false
681,a54de86aa4370cc93031bb4e99d436b0,sao paulo,SP,4182,,,,false
682,a5844ba4bfc8d0cc61d13027c7e63bcc,sao paulo,SP,8225,,,,false
683,a5c133a6a95d06f06939fd961fb8a0c3,santo andre,SP,9040,,,,false
684,a5d3aa4d29649db999b3877b8961b64b,cajueiro,AL,57770,,,,false
685,a6287dcde3fcf9870d4254398a407d27,rio de janeiro,RJ,22753,,,,false
686,a62f1ea95f3b1031c7cabb98f147aa27,sao paulo,SP,5577,,,,false
687,a6bf63037fb9e3064d1f8fa4224df32d,rio de janeiro,RJ,20040,,,,false
688,a6f2e4a9ff6fdb7626039136dee62c4b,sao paulo,SP,2846,,,,false
689,a72a2d4e19868dba726c0e6f49198c7e,firminopolis,GO,76105,,,,false
690,a7657330b1c135f3acd420326e335b2c,coromandel,MG,38550,,,,false
691,a7b3ee56a66877702d89d6e6d8ecfa59,maua,SP,9361,,,,false
692,a8397e4402779864503796dd87fdbedc,pindamonhangaba,SP,12412,,,,false
693,a84b054411cab9cef6857aeaa4763426,santos,SP,11045,,,,false
694,a8654e2af5da6bb72f52c22b164855e1,sao paulo,SP,5528,,,,false
695,a8794bde6655593c9b71212e6dea7177,sao paulo,SP,5727,,,,false
696,a8953e3d7677addada63eee79b91e7ff,uba,MG,36504,,,,false
697,a8ae36a2bb6c2bbc3b5d62ede131c9ef,taquarituba,SP,18740,,,,false
698,a96d5cfa0d3181817e2b946f921ea021,aparecida de goiania,GO,74914,,,,false
699,a99021699fda65c2b84a3fb596a4c32b,espigao do oeste,RO,76974,,,,false
700,a9a77b4e25980b7ca58cb71f878abb27,itajuba,MG,37500,,,,false
701,aaf2d0137050d06ef2c8752f35c0d936,vinhedo,SP,13287,,,,false
702,ab2d1ba701c748469008304cb9f83770,sao bernardo do campo,SP,9784,,,,false
703,abbc371b080d0e55bc3f40c244b1172e,belo horizonte,MG,30240,,,,false
704,ac61539bd1e37ef9fc8b951720d90bdb,avare,SP,18707,,,,false
705,acd9aa54ba1fb6d537ea8bb1bd65eed2,embu das artes,SP,6824,,,,false
706,ad076f69fe41e2f2e356025bf2751920,araras,SP,13604,,,,false
707,ad1ba362b0121447945a47fe07fef188,sao sebastiao do paraiso,MG,37950,,,,false
708,ad28944afc91824e30366a595654aaa4,guaruja,SP,11440,,,,false
709,ad91c910f921bc5d7b7cb140cd0d2c2a,marau,RS,99150,,,,false
710,addec96d2e059c80c30fe6871d30d177,sao paulo,SP,4534,,,,false
711,ae0fa4150b81d44201545e47d2aa9ccf,brasilia,DF,71571,,,,false
712,aec17cb0c9dba3200a2c49c3ef0a07dc,sao paulo,SP,3579,,,,false
713,af4a4064051073083caa2b1d8e2e6ced,divinopolis,MG,35500,,,,false
714,af4d3cd0b29b208c971ff6ad78b41b79,rio de janeiro,RJ,22775,,,,false
715,afa1462306ce1941adc5524ab4198909,boituva,SP,18550,,,,false
716,b03e9d9818ee170e9d6b983803c7d406,trindade,GO,75388,,,,false
717,b0454e831e63abc9d4148e48e4ebb4ae,rio de janeiro,RJ,23095,,,,false
718,b087812101562e36a7b1c11c1540c3bd,contagem,MG,32143,,,,false
719,b09f1bff1aff13c997af071602bc048b,sao paulo,SP,3755,,,,false
720,b0b18bfffa6a1fb823a25a9167e6877c,brasilia,DF,72331,2018-08-19T21:37:17.000Z,0,0.00,false
721,b0b94079598f018f9e72e9698aefef33,atibaia,SP,12946,,,,false
722,b0d033df9e6ba67e76b3cd09ea92d506,sao paulo,SP,4649,,,,false
723,b12fb4939476e92d9490ab46c7006675,maua,SP,9330,,,,false
724,b1338d6f97d1fba0fa7b1467fdc93fd0,entre rios,BA,48180,,,,false
725,b134d1fbe77d00a8e0a4ce9d855ea927,rio de janeiro,RJ,20780,,,,false
726,b157c176c3fe04914fde33f2dc8b878a,fortaleza,CE,60336,,,,false
727,b171945c68776b1434cf56b06c6e41a5,nova venecia,ES,29830,,,,false
728,b1a049b952fdc19b69b2865c29986b9c,sao paulo,SP,4938,,,,false
729,b20eaead1d0c121ef9f0a705ad37803e,sao paulo,SP,3317,,,,false
730,b2664990a1ac9e250d98ff5c615c3276,volta redonda,RJ,27251,,,,false
731,b310264264a53605778ac08833bd5514,cacapava,SP,12281,,,,false
732,b3285dd7fd409eaa193f78dbd67f70d2,aperibe,RJ,28495,,,,false
733,b3548d0cec408ae13d143bb4eeebaa6c,salto,SP,13323,,,,false
734,b3bbe51a0caf36d05239cdb5124a2421,sao paulo,SP,1008,,,,false
735,b436a108536c1dabbc1d3e808d782df9,sao goncalo,RJ,24431,,,,false
736,b49d79cdef655bb4cdf8223390c20524,sinop,MT,78557,,,,false
737,b4b26faae91bc1b8f9458d29bc3c200c,castanhal,PA,68745,,,,false
738,b4d6e1b900d99b52e901860bc1f44e35,brasilia,DF,71540,,,,false
739,b4ee22e08cdaeab0b8e6bf2e67d7c19b,una,BA,45690,,,,false
740,b55a113bb84fc10eaf58c6d09ec69794,brasilia,DF,72300,,,,false
741,b5be7a62bae2b8f3b867d2e9ba629a59,leopoldina,MG,36700,,,,false
742,b5d37c728f9ea12eae24f87212cf90fa,santa ines,BA,45320,,,,false
743,b5e13878ce7c196e0ba76d57dd55b485,taguai,SP,18890,,,,false
744,b5e4462426d75ffafaf0b1a6c912b257,itajai,SC,88304,,,,false
745,b5e5fa1268db5aa96a5062853fd1891e,rio de janeiro,RJ,20230,,,,false
746,b621cb89890e2b002aada225e7c5eaf5,itanhaem,SP,11740,,,,false
747,b68693bf3295ad9e895d2adce45deb7c,itaberai,GO,76630,,,,false
748,b6c083700ca8c135ba9f0f132930d4e8,suzano,SP,8686,,,,false
749,b6c083700ca8c135ba9f0f132930d4e8,suzano,SP,8686,,,,false
750,b6cbe1a8674ee23e9fb086e3c61677b8,salvador,BA,41308,,,,false
751,b6cdccfa64579c957a905fe68bd435c3,birigui,SP,16204,,,,false
752,b6e99561fe6f34a55b0b7da92f8ed775,guarulhos,SP,7124,,,,false
753,b6fda72bacd286a8ac316325ddb5be90,guaratinga,BA,45840,,,,false
754,b73b575cfe44692948a64dbdd55703f2,cotia,SP,6719,,,,false
755,b778de6d690edae39654f4444e081771,gameleiras,MG,39505,,,,false
756,b7b162291adff744d6f3c6450557ffee,petrolandia,SC,88430,,,,false
757,b7cb5cfc7e208d22aa17ef640f487d7a,sertaozinho,SP,14170,,,,false
758,b81208443af1b894742a304cf0f86b9b,indaiatuba,SP,13346,,,,false
759,b88274bc5ea463278efaa456c2b8ee73,osasco,SP,6286,,,,false
760,b8c37ee810b38c416022e1c9f51e740c,contagem,MG,32140,,,,false
761,b8c927d19fa13d8669e620e03902bf68,belo horizonte,MG,31872,,,,false
762,b99ad02f5d0dce8edaed40e36fd4d71e,rio de janeiro,RJ,22440,,,,false
763,b9d5fde4cdab32f96f3cdd8f4cef4386,salvador,BA,41630,,,,false
764,b9fe8c4b5fbad9389aa5f425561a2786,caxias do sul,RS,95050,,,,false
765,ba58671cbf108397a73d8b85e57a4869,sao paulo,SP,2302,,,,false
766,ba66b6edd0756a62cb11be4d4655ed32,sao paulo,SP,4960,,,,false
767,ba6da4841dcbcc20caa9a57808664368,londrina,PR,86055,,,,false
768,bab95efa50d554d4dcd26377e1b467ba,leme,SP,13610,,,,false
769,bb03ed8d9549898e869f0e6774064096,brasilia,DF,71505,,,,false
770,bb4a329975df85aa69684e124f0b48b1,sao paulo,SP,4040,,,,false
771,bb50112c998293f45f49f49704165768,urussanga,SC,88840,,,,false
772,bb6ffa5f9b68665f0cb238ea298092a3,taubate,SP,12081,,,,false
773,bbbea7f167264b7236e4459dcb0a8838,rio de janeiro,RJ,22220,,,,false
774,bc186285d21adeb7b7c88af5e40665cb,rio formoso,PE,55570,,,,false
775,bc2c9d4cffdfa4609cb2f961250ba4d7,rio de janeiro,RJ,21660,,,,false
776,bc53fa6fe784dfc008612a79f5fc0e3a,florianopolis,SC,88060,,,,false
777,bc6839208cb211872c9e1909676cbd0a,sao paulo,SP,5021,,,,false
778,bd64e82a5bf0ad0166ad7c72b302bbe4,dourados,MS,79823,,,,false
779,bd8e0f3ea9fb694fc53c7a358643fc06,goiania,GO,74435,,,,false
780,bdaae7d0dda6bb655f833ebdceaf178e,vitoria,ES,29046,,,,false
781,bdf7458b78fc3a9cc62e71cb779d0452,rio de janeiro,RJ,23090,,,,false
782,be1e99a0c57d7c3c699cfc4db26c8edf,contagem,MG,32070,2018-07-31T00:17:40.000Z,0,0.00,false
783,be2cff6c84f1683300337ecd499992e0,sao paulo,SP,4001,,,,false
784,be34d3b235cb9ae1bfd933d05891ff8a,pindamonhangaba,SP,12440,,,,false
785,be4656d02bf1e9d6663764ac9c7909ef,ipatinga,MG,35160,,,,false
786,bf4862777db128507e9efcc789215e9b,sao roque,SP,18130,,,,false
787,bf6e263ffc1f89999827615522b0aa45,sao carlos,SP,13573,,,,false
788,bf8369db656fa05eb3d26a4c74a13a36,sao bernardo do campo,SP,9895,,,,false
789,c1a56ed1e45dde68378dcbb50655ea47,macae,RJ,27913,,,,false
790,c1aa08ee7ec027f1a2523bce7c841723,sao paulo,SP,4545,,,,false
791,c1c2fffe3d49911803df2e157bee7aa0,limoeiro,PE,55700,,,,false
792,c1c7632732a487b1221e7bfb627c575f,niteroi,RJ,24220,,,,false
793,c2167133926371fa294b6b7e9da001e6,guarulhos,SP,7031,,,,false
794,c230d0a507ccf302b339305e2acf3376,sao paulo,SP,3127,,,,false
795,c27d02e495180cbc358137a14d1b029d,canoas,RS,92020,,,,false
796,c29bc878f4400d62f9d33ddd8d13236b,osasco,SP,6140,,,,false
797,c2e9a50bcf76b5783bc96f906f95bceb,matipo,MG,35367,,,,false
798,c319f40740fdf4e982c795eb1eb6d6b1,sao paulo,SP,4117,,,,false
799,c3293e875ffb1116018edf76d24e52a2,belo horizonte,MG,30190,,,,false
800,c38ea92aa01ad97a67b5fdc061846fc4,rio de janeiro,RJ,20780,,,,false
801,c3ae72f7fe12701be16e17345697d359,sao bernardo do campo,SP,9850,,,,false
802,c3d1d99aa10c2e90ceb77c2197e1ae16,sao jose dos campos,SP,12246,,,,false
803,c42d503ed3de454cd24b5d1508bcf5b2,tres lagoas,MS,79640,,,,false
804,c45221bb4573f66bdd4daf43fe2d4b3b,jandira,SP,6624,,,,false
805,c4727b31f6dae15654a8a097c91abe75,gravatai,RS,94080,,,,false
806,c555d42202667b1e09e50e7667b6a663,macapa,AP,68908,,,,false
807,c63c0b1ccd9e3a6c8ddd1a52c4ede43d,pinhalzinho,SP,12995,,,,false
808,c645339c7f927e64c0cbe6079255fc7a,sao paulo,SP,1107,,,,false
809,c68949b701afe5343ce845dd492772e8,santiago,RS,97700,,,,false
810,c7a2cdaf9d8bf3ad353e055e39024bfd,xaxim,SC,89825,,,,false
811,c7ebaf88b0022b8aa6893bf62abaf74f,gravata,PE,55644,,,,false
812,c80da60feddb7cf8325bd104032e314a,fortaleza,CE,60140,,,,false
813,c85aa747346fb651773ad0384949c5da,ribeirao preto,SP,14030,,,,false
814,c88a78ffee02f40ceeb314786550b716,aparecida de goiania,GO,74920,,,,false
815,c8fa956730a8b291e6bada90a5c6db6c,vila velha,ES,29124,,,,false
816,c9158d089637ab443c78984d20da7fc0,sao paulo,SP,5727,,,,false
817,c95ec87a7dc2647f779aed4452ccf819,nova venecia,ES,29830,,,,false
818,c98371c8c628fe00729bc01622b9009b,petrolina,PE,56312,,,,false
819,c98cc8ac7311ad123e723f5caef4c1e3,bebedouro,SP,14709,,,,false
820,c9c0c82af514e815fa47534f71113ebe,arapiraca,AL,57311,,,,false
821,ca19a17e381182923b66007a351574b7,foz do iguacu,PR,85854,,,,false
822,ca5062b6d3d0b87debf099a7a772033a,sao paulo,SP,5798,,,,false
823,ca87392503c5a503ff16afc9344ebbe0,alta floresta,MT,78580,,,,false
824,caa954e15d7c966d515d79caeccb7076,florianopolis,SC,88056,,,,false
825,cad6e6cc5d7a8620efda1f8310fba9d1,sao paulo,SP,2435,,,,false
826,cb296f03ccd21cfcb3ba0778c4f3b7d9,atibaia,SP,12942,,,,false
827,cbc73c75d15c7292a3defd556c710b2a,navegantes,SC,88370,,,,false
828,cbddc85ed8c77a56bc0ba0cfbf057242,jaboatao dos guararapes,PE,54315,,,,false
829,cc117a146f6e56e036afcedbd420c0e6,toledo,PR,85910,,,,false
830,cc438a8c7120027da70eafaf8c3727f8,sao paulo,SP,4160,,,,false
831,cd076285a12f40041b32f5ad8c98699f,sao paulo,SP,5890,,,,false
832,cd612700be57e08ca76adc1e3e69e525,jandira,SP,6600,,,,false
833,cd8738980c3332339baf3e92dd5cb071,itaguai,RJ,23810,,,,false
834,cdbeeb59bf23bb27eba2b6a8dd4b9e09,montes claros,MG,39404,,,,false
835,cdc5b7e1bd2027fc820fab4bf76dff04,maceio,AL,57071,,,,false
836,ce590a0c44295fc160eca2f1791f37e9,itaborai,RJ,24812,,,,false
837,ce900bc17b3e45ec05956db418d86207,valinhos,SP,13270,,,,false
838,cf01f9dc838bee15dc892d87f879fa7d,brusque,SC,88351,,,,false
839,cf6d4152d758efc43910e0141ae5b912,sao paulo,SP,3733,,,,false
840,cff4ca65539a18d2726699ecc1ba6aa7,salvador,BA,41720,,,,false
841,cff66352965782fb7a921a07600f271f,italva,RJ,28250,,,,false
842,d04c37e1699d05ba4f5fe7cf2bffc97a,contagem,MG,32140,,,,false
843,d0a9421d1143535e463a15d18fcddf90,jau,SP,17207,,,,false
844,d0e87d00021530383c16452a39a393ba,porto seguro,BA,45810,,,,false
845,d10582c312d1c3a03ed8ea136273c54d,vila velha,ES,29101,,,,false
846,d197a184e01ac46e6cb6596185bd4db0,maceio,AL,57046,,,,false
847,d215654948fc3ce8f8010cc12a8c843e,vitoria,ES,29057,,,,false
848,d251c190ca75786e9ab937982d60d1d4,belo horizonte,MG,30320,,,,false
849,d33eeadf54cb883e79be640f38c32cdc,barrinha,SP,14860,,,,false
850,d36fc675519adcbd1e824cabc25bda07,sao jose do rio preto,SP,15010,,,,false
851,d402eb7f3e879b3e39063d9aff318d75,niteroi,RJ,24240,,,,false
852,d4397835ae287e492b186d497099439a,sao vicente,SP,11310,,,,false
853,d491a65a6ef3c04e145d37395996bad7,sao paulo,SP,4548,,,,false
854,d55417a83a73d1702b43988e63f0731a,itaquaquecetuba,SP,8576,,,,false
855,d5b838b5c341f1957cea18610d054ac6,rio de janeiro,RJ,21810,,,,false
856,d647ac91ff870deee189d7cd0cbf2380,sao caetano do sul,SP,9530,,,,false
857,d6735445f2f7ba25a4c7fe937c24bf70,sorocaba,SP,18051,,,,false
858,d6caf670c8bf91aed723f242cafb71c8,cachoeiro de itapemirim,ES,29305,,,,false
859,d7683e45563133abe09d19dcb663200d,sao paulo,SP,1537,,,,false
860,d7dcb6a86716cae0bae52007bd8b7822,rio de janeiro,RJ,22793,,,,false
861,d85547cd859833520b311b4458a14c1c,parati,RJ,23970,,,,false
862,d885b619cb2e462ccc493b70faea10c5,sao paulo,SP,4744,,,,false
863,d89e05e2d23c3d8247aeecd07758004b,jundiai,SP,13212,,,,false
864,d8c21a391fae9a2f8f784c3c25ff5f85,aparecida de goiania,GO,74986,,,,false
865,dad5018ffc0de85eb72f72575b552784,cachoeiro de itapemirim,ES,29307,,,,false
866,dadbd996f437b5230f82ad00de17a4da,rio de janeiro,RJ,20720,,,,false
867,db87b9a23aca22405ab394338f087a68,montes claros,MG,39401,,,,false
868,db94b7a9542eb59e1d8d0e7191013354,ipatinga,MG,35160,,,,false
869,dbfd0ee98fac0d9b4f109a2aaed48093,rio de janeiro,RJ,20270,,,,false
870,dc643b60537f44f35b2f91610ea64153,eugenopolis,MG,36855,,,,false
871,dc77e5e1396c807043f506f794d8fd1e,macae,RJ,27915,,,,false
872,dc7993c491aef54414c4ff0a5be472ab,piracicaba,SP,13403,,,,false
873,dcdaced133f33e9651ddfe73b2350156,sao paulo,SP,3105,,,,false
874,dd1c379f2ec5f2fcadad957937de8d1c,fortaleza,CE,60135,,,,false
875,dd8c586651f9232e473ad86cf89c143f,saquarema,RJ,28999,,,,false
876,dd992305cba295d997f263dbdf4e8c2e,sao jose,SC,88104,,,,false
877,ddd8485a202512dc3df53d3092b15ff0,porto alegre,RS,91510,,,,false
878,de038e601db2bbdb12a1ab691a58f7e2,valinhos,SP,13275,,,,false
879,de1fc6d7bb796ade9bb07f09b26a4760,sorocaba,SP,18013,,,,false
880,de3fd2cb02aa89d030f943936ca17807,sao paulo,SP,3959,,,,false
881,de53649541ad2006de823720ad65ca77,belo horizonte,MG,30330,,,,false
882,decc46797b7d5c2c0146cc3e93720aaa,carapicuiba,SP,6386,,,,false
883,df033c6cca61206b057d843131600fc0,aracaju,SE,49015,,,,false
884,df3b1140ecb0bddb871f5e70af09ec27,rio de janeiro,RJ,22240,,,,false
885,df43e0b1c6f257e124883561c1e53ace,jau,SP,17208,,,,false
886,df718da6faedf01091e3a94dd8793ac6,brasilia,DF,72620,,,,false
887,dfbde47bde19b04d057e18b028d5b5cd,piracicaba,SP,13412,,,,false
888,e021e698833bdeb89dfef3acb2e91f37,jaragua do sul,SC,89254,,,,false
889,e079b18794454de9d2be5c12b4392294,resende,RJ,27525,,,,false
890,e145a017a309c275c23443e1240c7547,guarulhos,SP,7143,,,,false
891,e15bbe8fc7504d0075b5835a1b306ada,rio de janeiro,RJ,20031,,,,false
892,e1a5b21153987479299c92d5c8b1ee1a,florianopolis,SC,88045,,,,false
893,e1eb483ba2db6d6845f4b546e32c646c,ipatinga,MG,35164,,,,false
894,e2083012443da79cfafc6b423fa64a75,peabiru,PR,87250,,,,false
895,e235442a956c524e6c141141171f5801,vassouras,RJ,27700,,,,false
896,e283ddc5beefba674d4dbcba24e37d04,belo horizonte,MG,31110,,,,false
897,e2f3d2f1536b4b6917e6acfa7d50dd1d,carangola,MG,36800,,,,false
898,e308f9114426577f05baf25b11250386,curitiba,PR,80230,,,,false
899,e3113c1f62d89d94df4fc7cb38159411,cambe,PR,86188,,,,false
900,e411a7d93ae7ef2b1140c0d5c72fd9cc,sao paulo,SP,5092,,,,false
901,e44a59cd3178714eaf095face6112af5,rio de janeiro,RJ,23075,,,,false
902,e486555873e1947a1de7b1ff1e8c3554,criciuma,SC,88805,,,,false
903,e48c34104caa1c6ad2fbcaddabe30092,taguatinga,TO,77320,,,,false
904,e49eafd7e69d43b8d86f6b5590fafd02,david canabarro,RS,99980,,,,false
905,e527d87e5717a8e1432c67e902a56a9b,sao paulo,SP,8431,,,,false
906,e5d46317b6efaf96ecc28f78ac4ba3bc,curitiba,PR,82310,,,,false
907,e5dbefdfdf3eff75c8e6cd655f128279,nova iguacu,RJ,26272,,,,false
908,e5eff1e54c132bef74c934de830a14ae,montenegro,RS,95780,,,,false
909,e607ede0e63436308660236f5a52da5e,florianopolis,SC,88034,,,,false
910,e6925d3e39cebd0f699008b248e58361,jundiai,SP,13208,,,,false
911,e84b5b350485f100868b2f719f2d9158,recife,PE,51021,,,,false
912,e88df55ef24b85d6e0f57f61ff8b660e,ponta grossa,PR,84061,,,,false
913,e8a63b5829f45bc153ed838ba9de6c0b,juiz de fora,MG,36047,,,,false
914,e8b52a437e134cf2dcb5dbb93b29d0d5,rio de janeiro,RJ,22440,,,,false
915,e9adf7ea1e1dbb166b5024015154104b,guarulhos,SP,7191,,,,false
916,e9dd12dca17352644a959d9dea133935,camacari,BA,42800,,,,false
917,ea2fa8b8e775b4d4ebfdd1e828fde92e,sao bernardo do campo,SP,9750,,,,false
918,ea451b172ee6446d30d57f0c59a4ddc3,brasilia,DF,71915,,,,false
919,ea59601b04db675d7d502dd6a8bf0ae2,juazeiro,BA,48903,,,,false
920,ea9412f324bd34513bad100b6b6e8297,sao paulo,SP,3183,,,,false
921,eab27a5d81262bace5fc81727514d49d,sao paulo,SP,3317,,,,false
922,eab761ccdba80c5b9a7f01b16543da0f,sao paulo,SP,4105,,,,false
923,eabd76f3506262b0db0dda1d48394a9b,curitiba,PR,80050,,,,false
924,eb3c04f545e10b9e1c89a7db0051a334,niteroi,RJ,24220,,,,false
925,eb8367e178d144706a4ff3da62d284cb,ipiranga,PR,84450,,,,false
926,eba2cf1bbf4837ae43652b7cfbaf08a9,icem,SP,15460,,,,false
927,ebec19ef82a1e635967cd50a037d41d7,miguelopolis,SP,14530,,,,false
928,ebf40c0db4fe06ddd15a7a44238c986e,niteroi,RJ,24240,,,,false
929,ec645f55cb99f62fb8a30e9d467b3e97,taubate,SP,12030,,,,false
930,ec6a3d80eab7e27f7ee8efeb6839eee9,saudades,SC,89868,,,,false
931,eca666aec08df69fe31aa9a11d4a3302,porto alegre,RS,90670,,,,false
932,ecb43665c8c390857cabf385d918da87,porto alegre,RS,91160,,,,false
933,ece98a5dccb1e985d69a38d4e0f054e5,sao paulo,SP,5679,,,,false
934,ecfeb27fe4efa25d282d1c252e203fee,salgueiro,PE,56000,,,,false
935,ed2e7c127faf8aacf910fb4ecb881966,limeira,SP,13486,,,,false
936,ed5b0d9aa093cc966424056ec8c10c4c,rio de janeiro,RJ,23076,,,,false
937,ed62ab8aab76f4d4efc4344ba5ef3a6d,recife,PE,52070,,,,false
938,ee301c76bd2b939da9740c6f5eb280c6,niteroi,RJ,24315,,,,false
939,eee056a1664b2f91466c96a455ceea8b,atibaia,SP,12940,,,,false
940,ef07ba9aa5226f77264ffa5762b2280b,curitiba,PR,81750,,,,false
941,ef2994ab5e93b358146005d4d3db4880,uberlandia,MG,38415,,,,false
942,ef6b4c0581dbf34e6eb5e33e0094c445,belem,PA,66050,,,,false
943,efdfdcb4890f42ff5fdc077b298f9af8,fortaleza,CE,60822,,,,false
944,f00acae66459f1828fc1feba2c759fa0,sao bernardo do campo,SP,9619,,,,false
945,f02292465189ed8f3845720662a35999,joinville,SC,89220,,,,false
946,f054e8c1cbcf5e89ddd9b615c349936b,aripuana,MT,78325,,,,false
947,f0697e6813b23d285c3b3c8c50002fc0,sao paulo,SP,8150,,,,false
948,f102240598836332442c455abbcecfbc,rio negro,PR,83880,,,,false
949,f12cfa9263ca5dd51027f902d1d05321,belo horizonte,MG,30350,,,,false
950,f152faf30f85d9b5784cc9a72611a810,sao vicente,SP,11310,,,,false
951,f1a7919983d547880b4111fd4f77c74d,belem,PA,66055,,,,false
952,f1acc2f42f829576480ec437ff5e236e,muriae,MG,36881,,,,false
953,f1bb87ce3b511f772f77765bd3fcef6a,jandira,SP,6624,,,,false
954,f25f4335773e57531fab383b2a86d978,sao paulo,SP,3122,,,,false
955,f2772c6e5817727fbe9b6932ccaa438f,santa vitoria,MG,38320,,,,false
956,f2b73529bb775e473cdeb67d991cc985,santa fe do sul,SP,15775,,,,false
957,f2cb4abe193595fe70e9c380e488004c,santos,SP,11070,,,,false
958,f32cdbbeca0aba5358bddc018dd12b09,porto alegre,RS,91340,,,,false
959,f34cd7fd85a1f8baff886edf09567be3,timbo,SC,89120,,,,false
960,f393ee789889eff3f65907da221fa79c,rio de janeiro,RJ,22755,,,,false
961,f3df2c0b7cf3814b81b37ff6273f76cd,brasilia,DF,71250,,,,false
962,f48a9bdc7d38b43bba4082517ea1bc07,juiz de fora,MG,36080,,,,false
963,f51f170e51593c5e550ef7ae616f1517,salvador,BA,40323,,,,false
964,f5859580b427853d3230f857fd8c1439,sao paulo,SP,4862,,,,false
965,f5de43d4ead76e9519babb3d6189ea5b,teresina,PI,64020,,,,false
966,f5e97c4a357a49248114891b8b69fd80,belo horizonte,MG,30610,,,,false
967,f62f269f9ce7c41d20a90f70df873f42,balneario camboriu,SC,88330,,,,false
968,f63181dd4c5b7d91e47629ecb64505c7,angra dos reis,RJ,23906,,,,false
969,f6ce59662fa24ba7ccc289430b580a7e,santo andre,SP,9250,,,,false
970,f820eddce0a5ff03e1e40168b5ddb0ec,rio de janeiro,RJ,22460,,,,false
971,f8945c1122a948f727f6cc5f56f02532,santo andre,SP,9030,,,,false
972,f8f338d24407d8c6da17ada8bf6eb613,osasco,SP,6290,,,,false
973,f94d7c267f1bb6956a0c6c6fef65da8b,canoas,RS,92425,,,,false
974,f96176e892232662d1c1c5896a94e035,pradopolis,SP,14850,,,,false
975,f9ac86b4993a6e2a48758cb47d808712,presidente getulio,SC,89150,,,,false
976,f9acaaf53948041869bb52c7eb1e116c,belford roxo,RJ,26125,,,,false
977,f9cf4bd5f758bdbcb0f8397c6bd49d3c,alfenas,MG,37137,,,,false
978,fa2b68fd80b323901db1473bb98ad68f,formosa,GO,73808,,,,false
979,fa2f184ba76dabae9b5cd4c5f711b228,recife,PE,52120,,,,false
980,fa7e6f153b7724fda5c1d7cc7b9ae4ec,paraiba do sul,RJ,25850,,,,false
981,fa87e5558d2010f19641ca49363d5a1a,franca,SP,14405,,,,false
982,fafbc4ecb15933633821dfd530c9263b,goiania,GO,74555,,,,false
983,fb0a15a8972216e692289f886fbe75e1,sao paulo,SP,3562,,,,false
984,fb1756887ae59c1b0efe8d0544d94815,ribeirao preto,SP,14051,,,,false
985,fbb97973142894c3265d06e676820c5a,santa cruz do sul,RS,96810,,,,false
986,fbcafae33b8ac7b85dcbb5ff0cad932e,olinda,PE,53130,,,,false
987,fbd58f38cbd2989e434b148f479534c8,paraopeba,MG,35774,,,,false
988,fc0a613c6b9b23d3720b4f8878e1210d,canoas,RS,92320,,,,false
989,fc0a9229ea43fea6c9f9d79c06761a1e,hortolandia,SP,13185,,,,false
990,fc19fe9ac733e36ff8227c29435c2030,jales,SP,15700,,,,false
991,fc5e5fe0a1c88aebef8f551bc84abd9c,manaus,AM,69020,,,,false
992,fd2d5fdb84e65fa6b54b98b0e2df5645,areia branca,RN,59655,,,,false
993,fd3a69ec7f07e6cdd8f87021f0191cf9,sao paulo,SP,8381,,,,false
994,fd3c867c2bcd048675609cf2b0f1aedb,sao jose do rio preto,SP,15054,,,,false
995,fd44c522241326d803458027362ebca9,campos dos goytacazes,RJ,28051,,,,false
996,fe3634ccefbcdb0537b45fd589e32e8e,guarulhos,SP,7170,,,,false
997,fe78f9a2d0726d03ff9fc4307d3fa5df,para de minas,MG,35660,,,,false
998,ff80f08b2a6a87e84a28bda4613f99bf,rio de janeiro,RJ,21010,,,,false
999,ffd2aa973e106c7d7218a960320420bd,piracicaba,SP,13416,,,,false
1000,fffbf87b7a1a6fa8b03f081c5f51a201,fortaleza,CE,60055,,,,false
