seller_id,seller_zip_code_prefix,seller_city,seller_state,_ingested_at,_source_endpoint
001e6ad469a905060d959994f1b41e4f,24754,sao goncalo,RJ,2026-03-23T13:30:04.198Z,api/v1/data/sellers
002100f778ceb8431b7a1020ff7ab48f,14405,franca,SP,2026-03-23T13:30:03.782Z,api/v1/data/sellers
004c9cd9d87a3c30c522c48c4fc07416,14940,ibitinga,SP,2026-03-23T13:30:03.728Z,api/v1/data/sellers
00ab3eff1b5192e5f1a63bcecfee11c8,4164,sao paulo,SP,2026-03-23T13:30:03.926Z,api/v1/data/sellers
00ee68308b45bc5e2660cd833c3f81cc,3333,sao paulo,SP,2026-03-23T13:30:04.196Z,api/v1/data/sellers
011b0eaba87386a2ae96a7d32bb531d1,17580,pompeia,SP,2026-03-23T13:30:03.736Z,api/v1/data/sellers
0176f73cc1195f367f7b32db1e5b3aa8,14940,ibitinga,SP,2026-03-23T13:30:03.755Z,api/v1/data/sellers
01bcc9d254a0143f0ce9791b960b2a47,76400,uruacu,GO,2026-03-23T13:30:03.680Z,api/v1/data/sellers
01cf7e3d21494c41fb86034f2e714fa1,85603,francisco beltrao,PR,2026-03-23T13:30:03.755Z,api/v1/data/sellers
024b564ae893ce8e9bfa02c10a401ece,3280,sao paulo,SP,2026-03-23T13:30:03.680Z,api/v1/data/sellers
02c988090b766852e088c69d7fb3b551,13473,americana,SP,2026-03-23T13:30:04.078Z,api/v1/data/sellers
02ecc2a19303f05e59ce133fd923fff7,9121,santo andre,SP,2026-03-23T13:30:03.664Z,api/v1/data/sellers
02f5837340d7eb4f653d676c7256523a,80620,curitiba,PR,2026-03-23T13:30:03.681Z,api/v1/data/sellers
0307f7565ff85b299b6e5ef162b1b1a9,15085,sao jose do rio preto,SP,2026-03-23T13:30:04.163Z,api/v1/data/sellers
0336182e1b3e92f029d5354832045fdf,14940,ibitinga,SP,2026-03-23T13:30:03.907Z,api/v1/data/sellers
039b29ff3b3473435d0cd59040575de9,9443,ribeirao pires,SP,2026-03-23T13:30:03.749Z,api/v1/data/sellers
042573af89b6d931f672efaf789d8358,18015,sorocaba,SP,2026-03-23T13:30:04.211Z,api/v1/data/sellers
0432ead42b6c8a0bdf68154add917fdf,9320,maua,SP,2026-03-23T13:30:04.008Z,api/v1/data/sellers
044668ccd5316b12a7cf0d54a156e3e9,6016,osasco,SP,2026-03-23T13:30:03.740Z,api/v1/data/sellers
04aa0a1c5ce6b222003403a3e11c3cc0,13150,cosmopolis,SP,2026-03-23T13:30:03.799Z,api/v1/data/sellers
04e38a233f726ef161074ab1c9b0399a,1239,sao paulo,SP,2026-03-23T13:30:03.891Z,api/v1/data/sellers
054694fa03fe82cec4b7551487331d74,15840,itajobi,SP,2026-03-23T13:30:03.841Z,api/v1/data/sellers
05a48cc8859962767935ab9087417fbb,5372,sao paulo,SP,2026-03-23T13:30:03.661Z,api/v1/data/sellers
05ca864204d09595ae591b93ea9cf93d,6465,barueri,SP,2026-03-23T13:30:03.674Z,api/v1/data/sellers
05e107217c7266362fd44b75b2cd4cc4,5353,sao paulo - sp,SP,2026-03-23T13:30:04.065Z,api/v1/data/sellers
05feb94f19d094d4b0f9281f0b1d4c99,8752,mogi das cruzes,SP,2026-03-23T13:30:03.978Z,api/v1/data/sellers
0692610d8abe24f287e9fae90ea0bbee,2310,sao paulo,SP,2026-03-23T13:30:03.674Z,api/v1/data/sellers
06bb3a2fe5e7b7a845b13e8fb91bd944,31844,belo horizonte,MG,2026-03-23T13:30:04.212Z,api/v1/data/sellers
07017df32dc5f2f1d2801e579548d620,58030,joao pessoa,PB,2026-03-23T13:30:03.805Z,api/v1/data/sellers
0747d5bb69f0586cc869d8af4c50f93e,28990,saquarema,RJ,2026-03-23T13:30:03.663Z,api/v1/data/sellers
079d295dcbf06ee8bb1b65ba964eb2b6,2124,sao paulo,SP,2026-03-23T13:30:04.114Z,api/v1/data/sellers
07d75e33f2750d97d467fb57e4dfdd8a,2117,sao paulo,SP,2026-03-23T13:30:03.981Z,api/v1/data/sellers
08084d990eb3f53af056ccbc1730c8a7,3612,sao paulo,SP,2026-03-23T13:30:03.824Z,api/v1/data/sellers
081acf3de680d554796c9cf041be7bc2,33200,vespasiano,MG,2026-03-23T13:30:03.720Z,api/v1/data/sellers
082e0bf4cb865a6533b1e8e498cc0255,18608,botucatu,SP,2026-03-23T13:30:04.185Z,api/v1/data/sellers
085f6f7e049c996695fb2074fe38d45e,12020,taubate,SP,2026-03-23T13:30:03.751Z,api/v1/data/sellers
08f5819815f3d06545011850bd70f0a8,11075,santos,SP,2026-03-23T13:30:04.140Z,api/v1/data/sellers
093805f8f2aeb63881444571e1f48f30,6236,osasco,SP,2026-03-23T13:30:03.719Z,api/v1/data/sellers
099095b050cfe8eb1ddff5317587e96e,3322,sao paulo,SP,2026-03-23T13:30:03.675Z,api/v1/data/sellers
0a198e95d32b1be2da9424c962a6ebfa,32260,contagem,MG,2026-03-23T13:30:03.879Z,api/v1/data/sellers
0a82f5fb06a4fe4ac2cf7cb412ec71b8,5524,sao paulo,SP,2026-03-23T13:30:03.699Z,api/v1/data/sellers
0ad80de75c811326389cfb1daba7d45e,20261,rio de janeiro,RJ,2026-03-23T13:30:03.675Z,api/v1/data/sellers
0ade5cc4a305ed7093a23f68ca47519c,81030,curitiba,PR,2026-03-23T13:30:03.678Z,api/v1/data/sellers
0af977692321d895349eded183341d28,11070,santos,SP,2026-03-23T13:30:04.153Z,api/v1/data/sellers
0b0ddbc7b9d9584f442c7ac92b0ff6c9,7052,guarulhos,SP,2026-03-23T13:30:03.913Z,api/v1/data/sellers
0b64bcdb0784abc139af04077d49a20e,92420,canoas,RS,2026-03-23T13:30:04.167Z,api/v1/data/sellers
0b90b6df587eb83608a64ea8b390cf07,87025,maringa,PR,2026-03-23T13:30:04.045Z,api/v1/data/sellers
0bebbb2cea103a4a020c95d43fd7d754,2515,sao paulo,SP,2026-03-23T13:30:03.974Z,api/v1/data/sellers
0bf0150d5b9d60d9cd2906003332f085,1547,sao paulo,SP,2026-03-23T13:30:03.826Z,api/v1/data/sellers
0bfd0b434243adc5c2e1aa6baf19c6aa,22745,rio de janeiro,RJ,2026-03-23T13:30:04.168Z,api/v1/data/sellers
0c7533c71df861ec58ad7ff999ed0e8d,13270,valinhos,SP,2026-03-23T13:30:03.663Z,api/v1/data/sellers
0c8380b62e38e8a1e6adbeba7eb9688c,37410,tres coracoes,MG,2026-03-23T13:30:03.673Z,api/v1/data/sellers
0d33a55da925bbf1ff02af5f6059fc7f,5632,sao paulo,SP,2026-03-23T13:30:03.745Z,api/v1/data/sellers
0daf5180aa44356f60f8effa533b55a2,74043,goiania,GO,2026-03-23T13:30:03.732Z,api/v1/data/sellers
0ee4fb99ac55ffbbc98795aa01b7f8fa,6539,santana de parnaiba,SP,2026-03-23T13:30:03.781Z,api/v1/data/sellers
0f0c984a4a955310903b6b6008660bad,14403,franca,SP,2026-03-23T13:30:03.746Z,api/v1/data/sellers
0f7eea709efdf942b5f95c7516dbacd7,19865,pedrinhas paulista,SP,2026-03-23T13:30:03.971Z,api/v1/data/sellers
1099a00e0ee3a50935e6c2447ca090c5,20921,rio de janeiro,RJ,2026-03-23T13:30:03.710Z,api/v1/data/sellers
10ff823eda2b032e2c93d17a7d294736,17280,pederneiras,SP,2026-03-23T13:30:03.694Z,api/v1/data/sellers
11305281b50fff20ae8bb473f8e11876,36500,uba,MG,2026-03-23T13:30:03.808Z,api/v1/data/sellers
116ccb1a1604bc88e4d234a8c23f33de,9850,sao bernardo do campo,SP,2026-03-23T13:30:03.661Z,api/v1/data/sellers
11938fcc75f6902fea1d0a6f72b54a57,89900,sao miguel d'oeste,SC,2026-03-23T13:30:03.929Z,api/v1/data/sellers
11d4c477d09821164bca4f70a2eae031,14075,ribeirao preto,SP,2026-03-23T13:30:03.687Z,api/v1/data/sellers
1284de4ae8aa26997e748c851557cf0e,85301,laranjeiras do sul,SP,2026-03-23T13:30:03.691Z,api/v1/data/sellers
134285d1f41da5c13a756ee8142c8a4e,2523,sao paulo,SP,2026-03-23T13:30:03.899Z,api/v1/data/sellers
1354d51653f645349064725ed204e85e,1230,sao paulo,SP,2026-03-23T13:30:04.176Z,api/v1/data/sellers
138dbe45fc62f1e244378131a6801526,2215,sao paulo,SP,2026-03-23T13:30:03.947Z,api/v1/data/sellers
13c2ed7698b3ca92dad49e849219da59,84010,ponta grossa,PR,2026-03-23T13:30:03.663Z,api/v1/data/sellers
13d95f0f6f73943d4ceffad0fc2cd32c,74473,goiania,GO,2026-03-23T13:30:03.757Z,api/v1/data/sellers
13e85aac53340018b40c2af68001b7e0,13920,pedreira,SP,2026-03-23T13:30:03.792Z,api/v1/data/sellers
13fa2a6c6b9d0f43cb588d7c82117a12,3567,sao paulo,SP,2026-03-23T13:30:04.102Z,api/v1/data/sellers
1430239a858e7682bbc43b20758af153,4087,sao paulo,SP,2026-03-23T13:30:04.126Z,api/v1/data/sellers
1444c08e64d55fb3c25f0f09c07ffcf2,42738,lauro de freitas,BA,2026-03-23T13:30:03.661Z,api/v1/data/sellers
14a08204d03bb6b6bde8029f801ae0eb,1026,sao paulo,SP,2026-03-23T13:30:03.696Z,api/v1/data/sellers
14f2b3587172b9db894c9bad8dab520b,95240,ipe,RS,2026-03-23T13:30:04.175Z,api/v1/data/sellers
152ee17e4c8aaf53dac99f3462e4999b,89248,garuva,SC,2026-03-23T13:30:03.798Z,api/v1/data/sellers
1554a68530182680ad5c8b042c3ab563,37580,monte siao,MG,2026-03-23T13:30:03.797Z,api/v1/data/sellers
15aec03fe4cf30dfa574cf550f5ff5ff,21862,rio de janeiro,RJ,2026-03-23T13:30:03.951Z,api/v1/data/sellers
15b3b1b81484422eb41df68ac87f1f50,17047,bauru,SP,2026-03-23T13:30:03.717Z,api/v1/data/sellers
15fa791d5e017f66402dc28c44480657,3307,sao paulo,SP,2026-03-23T13:30:03.997Z,api/v1/data/sellers
160851d3ece7aa1a510f8d1a4bb8a8af,17400,garca,SP,2026-03-23T13:30:04.203Z,api/v1/data/sellers
160e4f13fd3a64b1b86807be88b5ffb0,83409,colombo,PR,2026-03-23T13:30:03.849Z,api/v1/data/sellers
164a5a8794e6d42e14f55e447b12a3bc,85980,guaira,PR,2026-03-23T13:30:03.813Z,api/v1/data/sellers
166e8f1381e09651983c38b1f6f91c11,88780,imbituba,SC,2026-03-23T13:30:03.661Z,api/v1/data/sellers
1690cada046eb7e92c12f98b1f8a8167,1303,sao paulo,SP,2026-03-23T13:30:03.917Z,api/v1/data/sellers
179d859f51292aac5c10806a356f7af9,9411,ribeirao pires,SP,2026-03-23T13:30:03.921Z,api/v1/data/sellers
17adeba047385fb0c67d8e90b4296d21,7052,guarulhos,SP,2026-03-23T13:30:03.711Z,api/v1/data/sellers
1927cdb9fa74f5270097f6250e8e8f34,17511,marilia,SP,2026-03-23T13:30:04.051Z,api/v1/data/sellers
1961c3e1272bfeceb05d0b78b5bbfdaf,7241,guarulhos,SP,2026-03-23T13:30:03.662Z,api/v1/data/sellers
1996942dc085d7773ba77a529b163cd0,14850,pradopolis,SP,2026-03-23T13:30:03.669Z,api/v1/data/sellers
1a3df491d1c4f1589fc2b934ada68bf2,89224,joinville,SC,2026-03-23T13:30:04.027Z,api/v1/data/sellers
1a6245add4353f18ed55138808906979,9694,sao bernardo do campo,SP,2026-03-23T13:30:03.863Z,api/v1/data/sellers
1a8e2d9c38b84a9702ac7922924b0573,89245,araquari,SC,2026-03-23T13:30:03.806Z,api/v1/data/sellers
1acde099eb406aa220b1169b188b42da,2532,sao paulo,SP,2026-03-23T13:30:04.066Z,api/v1/data/sellers
1b4b28463457a256e9a784ebe2a8f630,13418,piracicaba,SP,2026-03-23T13:30:03.892Z,api/v1/data/sellers
1b4c3a6f53068f0b6944d2d005c9fc89,88730,sao ludgero,SC,2026-03-23T13:30:03.704Z,api/v1/data/sellers
1b938a7ec6ac5061a66a3766e0e75f90,16304,penapolis,SP,2026-03-23T13:30:03.661Z,api/v1/data/sellers
1c83418358f249c9d6affa52d579db0e,1420,sao paulo,SP,2026-03-23T13:30:03.890Z,api/v1/data/sellers
1caf283236cd69af44cbc09a0a1e7d32,26020,nova iguacu,RJ,2026-03-23T13:30:03.994Z,api/v1/data/sellers
1cbd50a8c52e6cf8e315c5709fab386f,83830,fazenda rio grande,PR,2026-03-23T13:30:03.714Z,api/v1/data/sellers
1ce3ae5a399804d1a87e706f8a813c3e,88715,jaguaruna,SC,2026-03-23T13:30:03.832Z,api/v1/data/sellers
1d4587203296c8f4ad134dc286fa6db0,5101,sao paulo,SP,2026-03-23T13:30:03.672Z,api/v1/data/sellers
1d953075c2f0dd990bacf27b83b330f1,30421,belo horizonte,MG,2026-03-23T13:30:03.690Z,api/v1/data/sellers
1dc2de47ee26a0a5b12dc14fd6dc0dea,14940,ibitinga,SP,2026-03-23T13:30:03.705Z,api/v1/data/sellers
1e47defeeadeca0e9a18fa5a9311e735,15800,catanduva,SP,2026-03-23T13:30:03.799Z,api/v1/data/sellers
1e9d5a33694bddb76316fd1f54734d20,78820,jaciara,MT,2026-03-23T13:30:03.686Z,api/v1/data/sellers
1f50f920176fa81dab994f9023523100,15025,sao jose do rio preto,SP,2026-03-23T13:30:03.778Z,api/v1/data/sellers
1f7dfad2cb384ea4d2d7e1ffbd78c407,1139,sao paulo,SP,2026-03-23T13:30:04.140Z,api/v1/data/sellers
1f9ab4708f3056ede07124aad39a2554,17602,tupa,SP,2026-03-23T13:30:03.662Z,api/v1/data/sellers
1fbe10c70e30765ed1de86d9f7e98409,9320,maua,SP,2026-03-23T13:30:04.197Z,api/v1/data/sellers
1fdc574883ef3b33ad41562d93f3a74a,13480,limeira,SP,2026-03-23T13:30:03.742Z,api/v1/data/sellers
1fe5540d7c1c37a595fefbacd5570d9e,25850,paraiba do sul,RJ,2026-03-23T13:30:03.754Z,api/v1/data/sellers
2078fe5066350e7d220c0ad3a3bbc6c1,86707,arapongas,PR,2026-03-23T13:30:03.661Z,api/v1/data/sellers
2089a6d640999f9b9141ac719b2af596,13566,sao carlos,SP,2026-03-23T13:30:04.134Z,api/v1/data/sellers
20a7efa9721046319bdde5d60b6b5365,88790,laguna,SP,2026-03-23T13:30:04.055Z,api/v1/data/sellers
20a8b0dc55da94fe74d112082427c84f,13312,itu,SP,2026-03-23T13:30:03.886Z,api/v1/data/sellers
20d83f3ef0e6925fd74bfd59170babf7,2804,sao paulo,SP,2026-03-23T13:30:03.999Z,api/v1/data/sellers
2138ccb85b11a4ec1e37afbd1c8eda1f,8250,sao paulo,SP,2026-03-23T13:30:03.834Z,api/v1/data/sellers
217f005bb37ff3aeef5b2ae1788e75ba,6038,osasco,SP,2026-03-23T13:30:03.739Z,api/v1/data/sellers
229c3efbfb0ea2058de4ccdfbc3d784a,30190,belo horizonte,MG,2026-03-23T13:30:03.683Z,api/v1/data/sellers
22a23e5ac7061fc538cc2a019afaaf16,30310,belo horizonte,MG,2026-03-23T13:30:04.044Z,api/v1/data/sellers
23613d49c3ac2bd302259e55c06c050c,13660,porto ferreira,SP,2026-03-23T13:30:03.825Z,api/v1/data/sellers
23a0ffca143a15b9b5bbdb7d552f626a,13520,sao pedro,SP,2026-03-23T13:30:04.005Z,api/v1/data/sellers
23ff42c4bf1f8f16cddb19d8b972974a,37975,itau de minas,MG,2026-03-23T13:30:03.956Z,api/v1/data/sellers
24c1de8d9551c0b4fbc53317d53efda8,58385,serra redonda,PB,2026-03-23T13:30:03.906Z,api/v1/data/sellers
252e76235acb79183cfca6e34f13337d,13090,campinas,SP,2026-03-23T13:30:03.869Z,api/v1/data/sellers
259f7b5e6e482c230e5bfaa670b6bb8f,8550,poa,SP,2026-03-23T13:30:03.776Z,api/v1/data/sellers
25debeafbce801fdd479539350185eee,17350,igaracu do tiete,SP,2026-03-23T13:30:04.077Z,api/v1/data/sellers
2646baaf662d4d92ac48f047e35db92d,3303,sao paulo,SP,2026-03-23T13:30:04.101Z,api/v1/data/sellers
26af45f5dfd967225a832838aa4e24a3,81070,curitiba,PR,2026-03-23T13:30:03.715Z,api/v1/data/sellers
26b482dccfa29bd2e40703ba45523702,13450,santa barbara d´oeste,SP,2026-03-23T13:30:03.779Z,api/v1/data/sellers
26e13b6ff5b641b329e5524241ee2c93,14401,franca,SP,2026-03-23T13:30:03.678Z,api/v1/data/sellers
26f6b7ab07be3e9e69ce82a6552efc19,21070,rio de janeiro,RJ,2026-03-23T13:30:03.801Z,api/v1/data/sellers
270d3ef21830ad0ecf3a6c53d08a533a,6380,carapicuiba,SP,2026-03-23T13:30:03.686Z,api/v1/data/sellers
276677b5d08786d5dce7c2149dcce48b,31730,belo horizonte,MG,2026-03-23T13:30:03.670Z,api/v1/data/sellers
28405831a29823802aa22c084cfd0649,3644,sao paulo,SP,2026-03-23T13:30:04.189Z,api/v1/data/sellers
28872dc528e978a639754bc8c2ce5a4c,95070,caxias do sul,RS,2026-03-23T13:30:03.696Z,api/v1/data/sellers
289cdb325fb7e7f891c38608bf9e0962,31570,belo horizonte,SP,2026-03-23T13:30:03.808Z,api/v1/data/sellers
28a26ebce31d5918b181ede016fd693b,31950,belo horizonte,MG,2026-03-23T13:30:03.662Z,api/v1/data/sellers
293dee954235e4e4e43f129313625ebe,72125,brasilia,DF,2026-03-23T13:30:04.184Z,api/v1/data/sellers
2a1348e9addc1af5aaa619b1a3679d6b,30494,belo horizonte,MG,2026-03-23T13:30:03.661Z,api/v1/data/sellers
2a167ca73899c85001a837d8fb4962f6,37540,sao paulo,SP,2026-03-23T13:30:04.135Z,api/v1/data/sellers
2a261b5b644fa05f4f2700eb93544f2c,13660,porto ferreira,SP,2026-03-23T13:30:04.011Z,api/v1/data/sellers
2a5b78b41cd05baeac8df54c6606b92c,35570,formiga,MG,2026-03-23T13:30:04.139Z,api/v1/data/sellers
2aafae69bf4c41fbd94053d9413e87ee,91901,porto alegre,RS,2026-03-23T13:30:04.024Z,api/v1/data/sellers
2b03ac196f5ed62ac483960fe0fa3b65,2510,sao paulo,SP,2026-03-23T13:30:04.166Z,api/v1/data/sellers
2b1a40c1daabc6ca280c4b815c101841,35500,divinopolis,MG,2026-03-23T13:30:03.778Z,api/v1/data/sellers
2ba91c7ad80ff88b23b7db823b43c233,13310,itu,SP,2026-03-23T13:30:03.779Z,api/v1/data/sellers
2bd05d410a8fd26dc4184a15f4f2f588,31130,belo horizonte,MG,2026-03-23T13:30:04.182Z,api/v1/data/sellers
2bdb95a56a36ebbc6640337ac5eac174,4054,sao paulo,SP,2026-03-23T13:30:03.817Z,api/v1/data/sellers
2c2c9832d1bb38c5b0034a3b47d313ee,97050,santa maria,RS,2026-03-23T13:30:04.160Z,api/v1/data/sellers
2c54051840f19eca309a5423cf22df36,81830,curitiba,PR,2026-03-23T13:30:03.795Z,api/v1/data/sellers
2cb6eb1b7185064167657fa09f541105,34710,sabara,MG,2026-03-23T13:30:03.969Z,api/v1/data/sellers
2d20f1cd18725c91147da0791d498022,86040,londrina,PR,2026-03-23T13:30:03.782Z,api/v1/data/sellers
2d378dbb39815785238c0139c7647fb7,89240,sao francisco do sul,SC,2026-03-23T13:30:03.912Z,api/v1/data/sellers
2d42ebcda99fd55f6f4bc2f1ca035d50,76400,uruacu,GO,2026-03-23T13:30:03.756Z,api/v1/data/sellers
2d50d6282f8aa2257819a77bfaa0efe0,14940,ibitinga,SP,2026-03-23T13:30:03.664Z,api/v1/data/sellers
2dd1fb6f0e42a2243b8a01e40cd41216,80240,curitiba,PR,2026-03-23T13:30:03.735Z,api/v1/data/sellers
2e7ea2aafec5835e781b21d6d1faf1f1,2820,sao paulo,SP,2026-03-23T13:30:03.714Z,api/v1/data/sellers
2ec6e37d992a95eaddb3369dcbcc76d9,91310,porto alegre,RS,2026-03-23T13:30:03.788Z,api/v1/data/sellers
2ef086a599b597572aca4433b7ed6b3d,89256,jaragua do sul,SC,2026-03-23T13:30:03.898Z,api/v1/data/sellers
2f3d8b4c9e2ee165075331fea3f3095a,88107,sao jose,SC,2026-03-23T13:30:03.753Z,api/v1/data/sellers
2f4b0d3b9634b647d4edee577d7ebb7e,2310,sao paulo,SP,2026-03-23T13:30:03.747Z,api/v1/data/sellers
2f73e04d12cdf0c945ded66bb3fcf6c7,29313,cachoeiro de itapemirim,ES,2026-03-23T13:30:03.814Z,api/v1/data/sellers
2fb25ab44bdbeae6a4d816e0d0c9d500,27274,volta redonda,RJ,2026-03-23T13:30:04.170Z,api/v1/data/sellers
2ff97219cb8622eaf3cd89b7d9c09824,13320,salto,SP,2026-03-23T13:30:03.661Z,api/v1/data/sellers
30829ded4523ab9224b93bc49a62c95f,95360,parai,RS,2026-03-23T13:30:03.828Z,api/v1/data/sellers
3092c0b297aacfb4bb6e056ebe13b9b8,7402,aruja,SP,2026-03-23T13:30:04.215Z,api/v1/data/sellers
312ba1d77e9c332ef21f9598b7f64cd7,7179,guarulhos,SP,2026-03-23T13:30:03.741Z,api/v1/data/sellers
31ae0774c17fabd06ff707cc5bde005f,13478,americana,SP,2026-03-23T13:30:03.709Z,api/v1/data/sellers
323ce52b5b81df2cd804b017b7f09aa7,3306,sao paulo,SP,2026-03-23T13:30:03.985Z,api/v1/data/sellers
324583d68897f5ddbaf38f6248322176,15046,sao jose do rio preto,SP,2026-03-23T13:30:03.818Z,api/v1/data/sellers
3296662b1331dea51e744505065ae889,15805,catanduva,SP,2026-03-23T13:30:03.666Z,api/v1/data/sellers
32b8764b4ef628b53608fc34011fcc13,88504,lages,SC,2026-03-23T13:30:04.006Z,api/v1/data/sellers
32e5635e63cb374eb63afdd242fb6134,22451,rio de janeiro,RJ,2026-03-23T13:30:04.089Z,api/v1/data/sellers
32f83ffe11cd40f7adcf4eef171f52d9,97502,uruguaiana,RS,2026-03-23T13:30:03.726Z,api/v1/data/sellers
334cab711dee080b079fa5779b584783,9190,santo andre,SP,2026-03-23T13:30:03.942Z,api/v1/data/sellers
3364a91ec4d56c98e44174de954b94f6,76804,porto velho,RO,2026-03-23T13:30:03.876Z,api/v1/data/sellers
33a17d60c64393351ebf1ef860f4e0f2,91510,porto alegre,RS,2026-03-23T13:30:04.107Z,api/v1/data/sellers
33cbbec1e7e1044aaf11d152172c776f,95705,bento goncalves,RS,2026-03-23T13:30:03.852Z,api/v1/data/sellers
33cbda8716511e27e556dff9d8418bf2,89052,blumenau,SC,2026-03-23T13:30:03.742Z,api/v1/data/sellers
3442f8959a84dea7ee197c632cb2df15,13023,campinas,SP,2026-03-23T13:30:03.661Z,api/v1/data/sellers
34675b28b826facfde119785bf287dc1,85802,cascavael,PR,2026-03-23T13:30:03.751Z,api/v1/data/sellers
34a557286ead8fe75c989e0afcf7d98c,14406,franca,SP,2026-03-23T13:30:03.738Z,api/v1/data/sellers
34aefe746cd81b7f3b23253ea28bef39,81210,curitiba,PR,2026-03-23T13:30:03.676Z,api/v1/data/sellers
34d1ca11b242c0fee2c834ae8d788566,36415,congonhas,MG,2026-03-23T13:30:03.818Z,api/v1/data/sellers
3504c0cb71d7fa48d967e0e4c94d59d9,9350,maua,SP,2026-03-23T13:30:03.813Z,api/v1/data/sellers
35281d148dcf7134bae913c57db4e6da,5171,sao paulo,SP,2026-03-23T13:30:03.965Z,api/v1/data/sellers
3586b8580d9c917874e053a1bb37b5ff,14802,araraquara,SP,2026-03-23T13:30:03.936Z,api/v1/data/sellers
3606774ec64634822d78dc2db6d37045,9510,sao caetano do sul,SP,2026-03-23T13:30:04.082Z,api/v1/data/sellers
36f98ad67cc981f50ce8aed093d5783c,85904,toledo,PR,2026-03-23T13:30:03.783Z,api/v1/data/sellers
376d67b61dce0c990155286e7ae486a4,4815,sao paulo,SP,2026-03-23T13:30:03.842Z,api/v1/data/sellers
3785b653b1b82de85ab47dd139938091,85640,ampere,PR,2026-03-23T13:30:04.013Z,api/v1/data/sellers
37be5a7c751166fbc5f8ccba4119e043,4248,sao paulo,SP,2026-03-23T13:30:03.673Z,api/v1/data/sellers
38102b031c2a15e54623d711bfc753d3,62170,mucambo,CE,2026-03-23T13:30:03.848Z,api/v1/data/sellers
385799a1cddbd26dfeb9157356a42282,4676,sao paulo,SP,2026-03-23T13:30:03.918Z,api/v1/data/sellers
38af8acfd46ac4a7bf754e8ca6736664,4364,sao paulo,SP,2026-03-23T13:30:03.764Z,api/v1/data/sellers
38e679b9e0064cd94c6f035707344dae,86010,londrina,PR,2026-03-23T13:30:03.713Z,api/v1/data/sellers
38f276ca6e7cc95a6d1bb55ac9e5550f,17520,marilia,SP,2026-03-23T13:30:03.749Z,api/v1/data/sellers
391bbd13b6452244774beff1824006ed,13082,campinas,SP,2026-03-23T13:30:04.179Z,api/v1/data/sellers
391fc6631aebcf3004804e51b40bcf1e,14940,ibitinga,SP,2026-03-23T13:30:03.851Z,api/v1/data/sellers
392f7f2c797e4dc077e4311bde2ab8ce,21210,rio de janeiro,RN,2026-03-23T13:30:03.672Z,api/v1/data/sellers
3969863bb8af7f72580b3b1ffd3a17b3,3550,sao paulo,SP,2026-03-23T13:30:04.138Z,api/v1/data/sellers
39c763cca83e654764b7a4a650fb9b7c,74563,goiania,GO,2026-03-23T13:30:03.695Z,api/v1/data/sellers
3aa3c89ae3cd482385568be76120f63c,74343,goiania,GO,2026-03-23T13:30:03.702Z,api/v1/data/sellers
3bb32fedaa74e4ad20f4ce067733bd31,88210,porto belo,SC,2026-03-23T13:30:04.048Z,api/v1/data/sellers
3bdff180c7e1f6551a643b99c265a120,4811,sao paulo,SP,2026-03-23T13:30:03.729Z,api/v1/data/sellers
3bfad056cf05c00dabe2f895925d83b1,6033,osasco,SP,2026-03-23T13:30:04.164Z,api/v1/data/sellers
3bfba5a77604f6dfae7e6dd7aaf65821,86046,londrina,PR,2026-03-23T13:30:03.744Z,api/v1/data/sellers
3c010235b7345c92f125d14ee232a76b,83800,mandirituba,PR,2026-03-23T13:30:03.720Z,api/v1/data/sellers
3ca08eeb8d5595949fed424bd3677742,82510,curitiba,PR,2026-03-23T13:30:03.717Z,api/v1/data/sellers
3d0cd21d41671c46f82cd11176bf7277,89217,joinville,SC,2026-03-23T13:30:03.780Z,api/v1/data/sellers
3d3ccf2b2f8134b10dce9dd446f0e075,14940,ibitinga,SP,2026-03-23T13:30:03.673Z,api/v1/data/sellers
3d4824f20035949c710eaf111f869d39,18015,sorocaba,SP,2026-03-23T13:30:04.210Z,api/v1/data/sellers
3d621842b2ed28e2b474132480edac3c,8041,sao paulo,SP,2026-03-23T13:30:03.699Z,api/v1/data/sellers
3d700782d7818f2c1e0d7a9e9d75fc00,86170,sertanopolis,SP,2026-03-23T13:30:03.710Z,api/v1/data/sellers
3da38366e7bd9baf6369071f782ecdf0,60346,fortaleza,CE,2026-03-23T13:30:04.032Z,api/v1/data/sellers
3db66a856d18a9cba7c9241fc5221c50,35430,ponte nova,MG,2026-03-23T13:30:03.693Z,api/v1/data/sellers
3dc69bf2c42f0568a5c4791ec3fd3745,2880,sao paulo,SP,2026-03-23T13:30:03.732Z,api/v1/data/sellers
3df020b72d3d44b3af9d110fa3940b65,15704,jales,SP,2026-03-23T13:30:03.743Z,api/v1/data/sellers
3dfd3dc96f7f8598eca74e9ac8a2fa31,3343,sao paulo,SP,2026-03-23T13:30:03.759Z,api/v1/data/sellers
3e8bd881d92466e63ba9e3e809cd3c50,20751,rio de janeiro,RJ,2026-03-23T13:30:03.940Z,api/v1/data/sellers
3f8247d0f772ffa58560e5c682521ad5,89211,joinville,SC,2026-03-23T13:30:04.119Z,api/v1/data/sellers
3f995f07c49d0d55a99d5c54957f7d81,6853,itapecerica da serra,SP,2026-03-23T13:30:03.692Z,api/v1/data/sellers
3f9be91358837bff69df67edfa3e42e8,86039,londrina,PR,2026-03-23T13:30:03.672Z,api/v1/data/sellers
3faf68a3b0af94b10bac70d86077be49,13825,holambra,SP,2026-03-23T13:30:03.977Z,api/v1/data/sellers
406822777a0b9eb5c50e442dd4cd3ec5,18500,tatui,SP,2026-03-23T13:30:03.661Z,api/v1/data/sellers
411f3b52d857390502ee4e4d5ceabc2d,9400,ribeirao pires,SP,2026-03-23T13:30:03.666Z,api/v1/data/sellers
4125d9385a25e82d2f72d3a0fd55bc3f,11065,santos,SP,2026-03-23T13:30:03.846Z,api/v1/data/sellers
4170f6a9367e6b5d6401d03ce6d54569,71906,brasilia df,DF,2026-03-23T13:30:04.029Z,api/v1/data/sellers
41ab63a91b8b264e8c8780368bf1dd5b,31555,belo horizonte,MG,2026-03-23T13:30:03.663Z,api/v1/data/sellers
41da412d33e8da4f22baf55cb1bde82c,29260,domingos martins,ES,2026-03-23T13:30:04.188Z,api/v1/data/sellers
41e0fa5761c886a630994a55c12087e7,11446,guaruja,SP,2026-03-23T13:30:03.663Z,api/v1/data/sellers
4221a7df464f1fe2955934e30ff3a5a1,48602,bahia,BA,2026-03-23T13:30:03.750Z,api/v1/data/sellers
422be4cc81a457fdb46f47edeb968ae5,14940,ibitinga,SP,2026-03-23T13:30:03.671Z,api/v1/data/sellers
42b6488f5b8246d9141712abd4b1b693,87014,maringa,PR,2026-03-23T13:30:03.682Z,api/v1/data/sellers
42b729f859728f5079499127a9c2ef37,3910,sao paulo,SP,2026-03-23T13:30:03.919Z,api/v1/data/sellers
42d4b7e70819438f5ada61c965e92d7e,74045,goiania,GO,2026-03-23T13:30:03.708Z,api/v1/data/sellers
430315b7bb4b6e4b3c978f9dfa9b0558,4857,sao paulo,SP,2026-03-23T13:30:03.661Z,api/v1/data/sellers
4324dd16853115efb0fd9d0d131ba6f4,13720,sao jose do rio pardo,SP,2026-03-23T13:30:03.878Z,api/v1/data/sellers
436bf27f2f18474fc6047702e9f8a866,13041,campinas,SP,2026-03-23T13:30:04.059Z,api/v1/data/sellers
43753b27d77860f1654aa72e251a7878,44895,barro alto,BA,2026-03-23T13:30:03.736Z,api/v1/data/sellers
44073f8b7e41514de3b7815dd0237f4f,71070,brasilia,DF,2026-03-23T13:30:03.673Z,api/v1/data/sellers
446cc09cdbb130904da114e807dbec40,5615,sao paulo,SP,2026-03-23T13:30:03.924Z,api/v1/data/sellers
45213867cefbf2cd4c6177e10216a951,13603,araras,SP,2026-03-23T13:30:04.068Z,api/v1/data/sellers
455befea1bb853c75ccbca94cff26e5c,27525,resende,RJ,2026-03-23T13:30:03.698Z,api/v1/data/sellers
455c5640e8c5bd1b2ee85c0158f85727,89128,luiz alves,SC,2026-03-23T13:30:03.738Z,api/v1/data/sellers
458c6fa920810ce2492da71bc26d9eec,15813,catanduva,SP,2026-03-23T13:30:04.135Z,api/v1/data/sellers
45c20d94d9171b0bcfab3c955e47d67b,13490,cordeiropolis,SP,2026-03-23T13:30:03.786Z,api/v1/data/sellers
4677a5437afda5fa7140b927b07be1cc,84920,japira,PR,2026-03-23T13:30:03.939Z,api/v1/data/sellers
47efca563408aae19bb7206c2d969ea9,64033,teresina,PI,2026-03-23T13:30:03.925Z,api/v1/data/sellers
48328ec9a579151d9cc6a86d4a59336c,92310,canoas,RS,2026-03-23T13:30:03.866Z,api/v1/data/sellers
483ca627d131e18f988349b1655c0acd,13800,mogi mirim,SP,2026-03-23T13:30:04.025Z,api/v1/data/sellers
48436dade18ac8b2bce089ec2a041202,27277,volta redonda,SP,2026-03-23T13:30:03.793Z,api/v1/data/sellers
48b6c3f4c6a93171da04b75313f2130f,17700,osvaldo cruz,SP,2026-03-23T13:30:03.685Z,api/v1/data/sellers
48e5ee06fb2dc74df1c711a9b6dfac2a,35540,oliveira,MG,2026-03-23T13:30:03.967Z,api/v1/data/sellers
48e954b2da4f6a750c844173b347ed40,91740,porto alegre,RS,2026-03-23T13:30:03.750Z,api/v1/data/sellers
48fb026ed7455a42f5d3e9390ed5088e,27321,barra mansa,RJ,2026-03-23T13:30:03.745Z,api/v1/data/sellers
49067458c68f7701fd334ce326accbe0,36050,juiz de fora,MG,2026-03-23T13:30:03.961Z,api/v1/data/sellers
4917cee8d902e13428c3ec4b1ca6f315,89031,blumenau,SC,2026-03-23T13:30:03.706Z,api/v1/data/sellers
49383af7ab774e4e8f3000f49c83dc4b,12080,taubate,SP,2026-03-23T13:30:03.853Z,api/v1/data/sellers
4a1917ef994878940e1fb03eeb787ad7,70610,brasilia,DF,2026-03-23T13:30:03.941Z,api/v1/data/sellers
4aba391bc3b88717ce08eb11e44937b2,45816,arraial d'ajuda (porto seguro),BA,2026-03-23T13:30:04.121Z,api/v1/data/sellers
4b1eaadf791bdbbad8c4a35b65236d52,14092,ribeirao preto,SP,2026-03-23T13:30:03.988Z,api/v1/data/sellers
4bcec44888b30ba9001234c534716d3f,9230,santo andre,SP,2026-03-23T13:30:03.706Z,api/v1/data/sellers
4bde6149c15cf7e177b36fa060dd6de8,99500,carazinho,RS,2026-03-23T13:30:04.003Z,api/v1/data/sellers
4be2e7f96b4fd749d52dff41f80e39dd,69900,rio branco,AC,2026-03-23T13:30:03.744Z,api/v1/data/sellers
4be9ae93c4fc0f41713d71a4194ee1b3,35500,divinopolis,MG,2026-03-23T13:30:03.830Z,api/v1/data/sellers
4c18691b6037662be2df78a765d98ab5,3167,sao paulo,SP,2026-03-23T13:30:04.129Z,api/v1/data/sellers
4c498c7345e89aebad651544829beca0,6341,carapicuiba,SP,2026-03-23T13:30:03.680Z,api/v1/data/sellers
4c60877808f4318ef1107fbeb8f89afa,12940,atibaia,SP,2026-03-23T13:30:04.047Z,api/v1/data/sellers
4cc43a222a0f94910728b62b97a8c5f8,14026,ribeirao preto,SP,2026-03-23T13:30:03.989Z,api/v1/data/sellers
4cf490a58259286ada5ba8525ba9e84a,14910,tabatinga,SP,2026-03-23T13:30:03.661Z,api/v1/data/sellers
4d0041cdbe51b4617d95c70b19decc74,36052,juiz de fora,MG,2026-03-23T13:30:03.837Z,api/v1/data/sellers
4d232b78ab7ef10393dc3807d827bc0d,30120,belo horizonte,MG,2026-03-23T13:30:03.955Z,api/v1/data/sellers
4d600e08ecbe08258c79e536c5a42fee,85988,entre rios do oeste,PR,2026-03-23T13:30:04.133Z,api/v1/data/sellers
4dab98ca6cd6d3df586203cefd28a042,91150,porto alegre,RS,2026-03-23T13:30:04.183Z,api/v1/data/sellers
4dbd95a08b31ede5c82d3f861cb1ce1a,80210,curitiba,PR,2026-03-23T13:30:03.661Z,api/v1/data/sellers
4de6e4ba574aa9dfdc824bc44dc47fdd,83402,colombo,PR,2026-03-23T13:30:03.790Z,api/v1/data/sellers
4deebb3199eeafb282ae33229144f94b,2112,sao paulo,SP,2026-03-23T13:30:03.701Z,api/v1/data/sellers
4e326052e5dbba8adcd512f3450a307e,8020,sao paulo,SP,2026-03-23T13:30:03.935Z,api/v1/data/sellers
4e480be820e37de1444325ff358c9296,37410,tres coracoes,MG,2026-03-23T13:30:04.030Z,api/v1/data/sellers
4e5725ba188db8252977a4f0227bd462,14092,ribeirao preto,SP,2026-03-23T13:30:03.787Z,api/v1/data/sellers
4e6015589b781adaa5ce7f1892d06bb1,11440,guaruja,SP,2026-03-23T13:30:03.661Z,api/v1/data/sellers
4e7c18b98d84e05cbae3ff0ff03846c2,14882,jaboticabal,SP,2026-03-23T13:30:03.667Z,api/v1/data/sellers
4e85b538b0dad58852641540686d0e14,12238,sao jose dos campos,SP,2026-03-23T13:30:03.719Z,api/v1/data/sellers
4e92348462c75b6c842b994ce84a0ed4,94930,cachoeirinha,RS,2026-03-23T13:30:04.194Z,api/v1/data/sellers
4f0d637c1197fd65405ebd755ac9f86b,6768,taboao da serra,SP,2026-03-23T13:30:04.137Z,api/v1/data/sellers
4fe2f67634d00c021aa01f96b6f2d68e,87035,maringa,PR,2026-03-23T13:30:03.711Z,api/v1/data/sellers
5011f0d93373a4c5753adf58ca77af8d,11013,santos,SP,2026-03-23T13:30:03.708Z,api/v1/data/sellers
5058e8c1e82653974541e83690655b4a,8583,itaquaquecetuba,SP,2026-03-23T13:30:03.948Z,api/v1/data/sellers
5075aaa8404020ae6aa8bf4792099b41,37706,pocos de caldas,MG,2026-03-23T13:30:03.829Z,api/v1/data/sellers
50bf89f1349bc0409a268c3a49678009,15155,jaci,SP,2026-03-23T13:30:03.708Z,api/v1/data/sellers
50c361bcf670d16f6df4d52de3dff924,4131,sao paulo,SP,2026-03-23T13:30:04.088Z,api/v1/data/sellers
50c9975695009e5e6473912e83a6d1da,35530,claudio,MG,2026-03-23T13:30:03.708Z,api/v1/data/sellers
51209b446b2073894bdc0face6c73ffc,29104,vila velha,ES,2026-03-23T13:30:03.914Z,api/v1/data/sellers
512d298ac2a96d1931b6bd30aa21f61d,20060,rio de janeiro,RJ,2026-03-23T13:30:03.670Z,api/v1/data/sellers
513a54369b6a8a6602fcb0e129c6d78d,9862,sao bernardo do campo,SP,2026-03-23T13:30:03.829Z,api/v1/data/sellers
515d781150feed28a6ac091bb0e3cb8c,79090,campo grande,MS,2026-03-23T13:30:04.099Z,api/v1/data/sellers
516e7738bd8f735ac19a010ee5450d8d,22230,rio de janeiro,RJ,2026-03-23T13:30:03.711Z,api/v1/data/sellers
5194c22ed1f616ec0c0f33c571542879,37540,santa rita do sapucai,MG,2026-03-23T13:30:03.733Z,api/v1/data/sellers
51a04a8a6bdcb23deccc82b0b80742cf,12914,braganca paulista,SP,2026-03-23T13:30:03.661Z,api/v1/data/sellers
51e0557bc7b86de13e946c60ee91ce39,31510,belo horizonte,MG,2026-03-23T13:30:03.973Z,api/v1/data/sellers
5206cc4bc2297c833e6061c49bf9c43f,6192,osasco,SP,2026-03-23T13:30:03.664Z,api/v1/data/sellers
52092ddbd3a58c450a4459bf051b2287,17300,dois corregos,SP,2026-03-23T13:30:03.805Z,api/v1/data/sellers
5236605f4d4b0b3e4df85b850393fca0,3311,sao paulo,SP,2026-03-23T13:30:03.785Z,api/v1/data/sellers
52831e5990d0771cb4951d6f12928167,17600,tupa,SP,2026-03-23T13:30:03.937Z,api/v1/data/sellers
528ce32f560edd11add4169f6a5b65be,18130,sao roque,SP,2026-03-23T13:30:03.754Z,api/v1/data/sellers
52956b80ae65fda598f06f6b9943e7a9,87050,maringa,PR,2026-03-23T13:30:03.857Z,api/v1/data/sellers
52f976b17ea7f2f087f56dcc419328f6,86820,california,PR,2026-03-23T13:30:03.934Z,api/v1/data/sellers
53243585a1d6dc2643021fd1853d8905,42738,lauro de freitas,BA,2026-03-23T13:30:04.142Z,api/v1/data/sellers
5343d0649eca2a983820bfe93fc4d17e,9270,santo andre,SP,2026-03-23T13:30:04.103Z,api/v1/data/sellers
535bf14f36346c7f59d87cece104d70c,20735,rio de janeiro,RJ,2026-03-23T13:30:03.721Z,api/v1/data/sellers
537eb890efff034a88679788b647c564,20270,rio de janeiro,RJ,2026-03-23T13:30:03.743Z,api/v1/data/sellers
5444b12c82f21c923f2639ebc722c1ea,2051,sao pauo,SP,2026-03-23T13:30:03.713Z,api/v1/data/sellers
54583ab379489add547fe47b628db589,9810,sao bernardo do campo,SP,2026-03-23T13:30:03.972Z,api/v1/data/sellers
54aa8463e87776b5612f4bdc4bd5d4de,30550,belo horizonte,MG,2026-03-23T13:30:03.714Z,api/v1/data/sellers
553a440137d6e0cf776aee0bb83ac9f5,13481,limeira,SP,2026-03-23T13:30:04.205Z,api/v1/data/sellers
556a6409838156ea299c9d1f9e2dde43,81200,curitiba,PR,2026-03-23T13:30:03.920Z,api/v1/data/sellers
5587130f9850696ed7fafbc91c2cee44,4311,sao paulo,SP,2026-03-23T13:30:03.737Z,api/v1/data/sellers
55a5b51f93f2b70ea513f5a047b0262a,36301,sao joao del rei,MG,2026-03-23T13:30:03.881Z,api/v1/data/sellers
55bb6fe5bebe5012e2d7d9928e1128ff,17052,bauru,SP,2026-03-23T13:30:03.702Z,api/v1/data/sellers
55c26bcb609f480eb7868594245febb5,14910,tabatinga,SP,2026-03-23T13:30:04.115Z,api/v1/data/sellers
55f7a3319d80f7fdf078b8f03e6725fe,6056,osasco,SP,2026-03-23T13:30:03.664Z,api/v1/data/sellers
562f8cfc51f265411f487d07e9c40e7f,30575,belo horizonte,MG,2026-03-23T13:30:03.804Z,api/v1/data/sellers
5670f4db5b62c43d542e1b2d56b0cf7c,3694,sao paulo,SP,2026-03-23T13:30:03.761Z,api/v1/data/sellers
570d4583587a5fe2d47c7be89b91ad27,2220,sao paulo,SP,2026-03-23T13:30:04.151Z,api/v1/data/sellers
57a834594e1e9e9219603bfec184eadc,98780,santa rosa,RS,2026-03-23T13:30:03.723Z,api/v1/data/sellers
585175ec331ea177fa47199e39a6170a,39400,montes claros,MG,2026-03-23T13:30:03.860Z,api/v1/data/sellers
59417c56835dd8e2e72f91f809cd4092,13480,limeira,SP,2026-03-23T13:30:04.000Z,api/v1/data/sellers
5962468f885ea01a1b6a97a218797b0a,82040,curitiba,PR,2026-03-23T13:30:03.777Z,api/v1/data/sellers
596849622429351f47b32e6cae1055ff,8710,mogi das cruses,SP,2026-03-23T13:30:04.037Z,api/v1/data/sellers
5996cddab893a4652a15592fb58ab8db,19010,presidente prudente,SP,2026-03-23T13:30:03.915Z,api/v1/data/sellers
59b22a78efb79a4797979612b885db36,38414,uberlandia,MG,2026-03-23T13:30:04.204Z,api/v1/data/sellers
5a32c398a06c345440bf2a683b017ad3,21070,rio de janeiro,RJ,2026-03-23T13:30:03.836Z,api/v1/data/sellers
5a93f3ab0ef4c84ed5e1b5dbf23978bc,12250,monteiro lobato,SP,2026-03-23T13:30:03.752Z,api/v1/data/sellers
5abb8ea023c77787f2c15da891c8d384,89228,joinville,SC,2026-03-23T13:30:03.690Z,api/v1/data/sellers
5acd070dd3fe441bbb2ec1f1ede515ee,13203,jundiai,SP,2026-03-23T13:30:03.719Z,api/v1/data/sellers
5b2e94f2c22b39ccc24d34ad0f669672,1214,sao paulo,SP,2026-03-23T13:30:03.765Z,api/v1/data/sellers
5b664594895aefb418afaee6d40a9a23,25750,petropolis,RJ,2026-03-23T13:30:04.177Z,api/v1/data/sellers
5b925e1d006e9476d738aa200751b73b,4567,sao paulo,SP,2026-03-23T13:30:04.212Z,api/v1/data/sellers
5b92bfa4120daa27c574daa2e386c693,18070,sorocaba,SP,2026-03-23T13:30:03.796Z,api/v1/data/sellers
5bc237df65098fe211bb4818f4d26d78,38410,uberlandia,MG,2026-03-23T13:30:03.786Z,api/v1/data/sellers
5bc24d989e71e93c33e50a7782431b0e,37165,campo do meio,MG,2026-03-23T13:30:03.783Z,api/v1/data/sellers
5bc55dbe2f12b6af6d83ed46023e0dc8,35170,coronel fabriciano,MG,2026-03-23T13:30:04.193Z,api/v1/data/sellers
5bf397d04035b5f45cc41e82ec106803,4144,sao paulo,SP,2026-03-23T13:30:04.171Z,api/v1/data/sellers
5bffbafbb22daf6d3bfc216a46db8708,26525,nilopolis,RJ,2026-03-23T13:30:03.736Z,api/v1/data/sellers
5c030029b5916fed0986310385ec9009,88075,sao jose,SC,2026-03-23T13:30:03.662Z,api/v1/data/sellers
5c603ffb38cbbf25a0e0698941324143,37004,varginha,MG,2026-03-23T13:30:04.182Z,api/v1/data/sellers
5cbbd5a299cab112b7bf23862255e43e,83324,pinhais,PR,2026-03-23T13:30:03.980Z,api/v1/data/sellers
5cf1ec37aea089f45110c70653a166ab,2215,sao paulo,SP,2026-03-23T13:30:03.698Z,api/v1/data/sellers
5d9dc90a686a8fddacffab6bab5653a3,6513,santana de parnaiba,SP,2026-03-23T13:30:04.154Z,api/v1/data/sellers
5e105f5c9f63f5f1fd75d6cb942e55b1,15076,sao jose do rio preto,SP,2026-03-23T13:30:04.169Z,api/v1/data/sellers
5e49e3a44bdeb5aab2684258bbd4f525,88330,balenario camboriu,SC,2026-03-23T13:30:03.687Z,api/v1/data/sellers
5e9f5bd34e0830569f05c9d4f56e04a8,90560,porto alegre,RS,2026-03-23T13:30:03.996Z,api/v1/data/sellers
5f2684dab12e59f83bef73ae57724e45,5125,sao paulo,SP,2026-03-23T13:30:03.724Z,api/v1/data/sellers
5f26c1408a65b42a7224cd463bdf3292,86707,arapongas,PR,2026-03-23T13:30:03.833Z,api/v1/data/sellers
5f3ae9136c875522250f8184f253413a,1550,sao paulo,SP,2026-03-23T13:30:03.715Z,api/v1/data/sellers
5f57db27027655e6c6a391601daa0258,29138,viana,ES,2026-03-23T13:30:03.753Z,api/v1/data/sellers
5f5a58930c3c35f3b5af264f34fb8c85,14020,ribeirao preto,SP,2026-03-23T13:30:04.213Z,api/v1/data/sellers
5fd924b4836098a5be0ecf81ba054ce0,3554,sao paulo,SP,2026-03-23T13:30:03.692Z,api/v1/data/sellers
610f72e407cdd7caaa2f8167b0163fd8,1201,sao paulo,SP,2026-03-23T13:30:03.762Z,api/v1/data/sellers
615005a3ef192c00c6f0e977cee3d2bc,13304,itu,SP,2026-03-23T13:30:03.691Z,api/v1/data/sellers
61b893c57e33626afb104d4112b1be76,37142,divisa nova,MG,2026-03-23T13:30:04.070Z,api/v1/data/sellers
61c36f0fc4a47f9532e5512b66668e62,7043,guarulhos,SP,2026-03-23T13:30:04.203Z,api/v1/data/sellers
623ad9d0c1e14bb5464a8c72bff7b4af,35530,claudio,MG,2026-03-23T13:30:03.685Z,api/v1/data/sellers
62760d278921b5f352461620d68a9cee,13320,salto,SP,2026-03-23T13:30:03.672Z,api/v1/data/sellers
62c50c1af4dfdc4149d25c5222043d39,4782,sao paulo,SP,2026-03-23T13:30:03.789Z,api/v1/data/sellers
638cba8be1fb599bbb76fd6948351eb3,12242,sao jose dos campos,SP,2026-03-23T13:30:03.814Z,api/v1/data/sellers
63ffcb71394dd8ea3872ed9ffda17c74,24813,itaborai,RJ,2026-03-23T13:30:03.669Z,api/v1/data/sellers
640e21a7d01df7614a3b4923e990d40c,14940,ibitinga,SP,2026-03-23T13:30:04.108Z,api/v1/data/sellers
6426d21aca402a131fc0a5d0960a3c90,14091,ribeirao preto,SP,2026-03-23T13:30:03.882Z,api/v1/data/sellers
643c01d7c56a724bec0454f4780e8a3e,89222,joinville,SC,2026-03-23T13:30:03.741Z,api/v1/data/sellers
6481e96574816ead57975da2c0f6d80d,18072,sorocaba,SP,2026-03-23T13:30:03.791Z,api/v1/data/sellers
64cc804291f90c81f02bfc2bb58ff55a,81250,curitiba,PR,2026-03-23T13:30:03.752Z,api/v1/data/sellers
6524b847b982cd56bb5d4b02b776ee42,13042,campinas,SP,2026-03-23T13:30:03.762Z,api/v1/data/sellers
6548c2550b6e2d8f18053216e1c7b6f3,9920,diadema,SP,2026-03-23T13:30:03.790Z,api/v1/data/sellers
6560211a19b47992c3666cc44a7e94c0,5849,sao paulo,SP,2026-03-23T13:30:04.031Z,api/v1/data/sellers
657969cca82e884d272385ec0ef06edd,93608,estancia velha,RS,2026-03-23T13:30:03.697Z,api/v1/data/sellers
65c255b299faf2d12050937cc219c46c,3060,sao paulo,SP,2026-03-23T13:30:04.207Z,api/v1/data/sellers
6650fcccd8cd2f7e55ffa524f30c4c59,8490,sao paulo,SP,2026-03-23T13:30:03.693Z,api/v1/data/sellers
669ae81880e08f269a64487cfb287169,89160,rio do sul,SC,2026-03-23T13:30:03.668Z,api/v1/data/sellers
66d5ae34537110d3affc56174dad2b2f,15062,sao jose do rio preto,SP,2026-03-23T13:30:03.705Z,api/v1/data/sellers
671585f5a2af58b6e276bc01003c0d2b,80510,curitiba,PR,2026-03-23T13:30:03.734Z,api/v1/data/sellers
674207551483fec113276b67b0d871ff,18040,sorocaba,SP,2026-03-23T13:30:03.669Z,api/v1/data/sellers
67883baaae6134ee81b271a542613728,1310,sao paulo,SP,2026-03-23T13:30:04.063Z,api/v1/data/sellers
679769a98cfcc6da877c8486ff1c13f3,35162,ipatinga,MG,2026-03-23T13:30:04.053Z,api/v1/data/sellers
67e43d802fde8cfd3f9580124f8167d1,7062,guarulhos,SP,2026-03-23T13:30:03.776Z,api/v1/data/sellers
6806dad1da97bfb5a9038eac6881f706,83280,guaratuba,PR,2026-03-23T13:30:03.923Z,api/v1/data/sellers
685b870da5b52a710782c9c0fefbeb5b,9820,sao bernardo do campo,SP,2026-03-23T13:30:04.199Z,api/v1/data/sellers
6902157ee16728322d61a1321fa79e58,1026,sao paulo,SP,2026-03-23T13:30:04.017Z,api/v1/data/sellers
698624c6632eeba1774924dbea24c700,1425,sao paulo,SP,2026-03-23T13:30:03.671Z,api/v1/data/sellers
6989574bd97d9773f10d232b6c07da59,80040,curitiba,PR,2026-03-23T13:30:03.721Z,api/v1/data/sellers
698f5fa55a5f73d0740e9d9a773e8093,20751,rio de janeiro,RJ,2026-03-23T13:30:04.137Z,api/v1/data/sellers
69b5eaa096c3f9d1e5c398c597f567d6,16200,birigui,SP,2026-03-23T13:30:03.796Z,api/v1/data/sellers
6a38087bc8ad4f89ff453561005f6dea,75123,anapolis,GO,2026-03-23T13:30:03.786Z,api/v1/data/sellers
6a51fc556dab5f766ced6fbc860bc613,17500,marilia,SP,2026-03-23T13:30:03.772Z,api/v1/data/sellers
6a53b90c3ad9e0b56d9fe5c69165fff5,82220,curitiba,PR,2026-03-23T13:30:03.748Z,api/v1/data/sellers
6a8a889bde935bafa76d7848782dfaf9,2839,sao paulo,SP,2026-03-23T13:30:03.682Z,api/v1/data/sellers
6b15924333bd1a741595fe981ea04822,9541,sao caetano do sul,SP,2026-03-23T13:30:03.888Z,api/v1/data/sellers
6b1c4d4d9ccf0be3d8544eb0e71e5318,91130,porto alegre,RS,2026-03-23T13:30:03.719Z,api/v1/data/sellers
6b243f80ed07b10f0e8aa0f21a205f3c,81825,curitiba,PR,2026-03-23T13:30:04.132Z,api/v1/data/sellers
6b536a23086fba0d58c08d68814397f6,24346,niteroi,RJ,2026-03-23T13:30:04.131Z,api/v1/data/sellers
6b89abe95848c850399130d149a39b63,75640,piracanjuba,GO,2026-03-23T13:30:03.729Z,api/v1/data/sellers
6b90f847357d8981edd79a1eb1bf0acb,7152,guarulhos,SP,2026-03-23T13:30:03.865Z,api/v1/data/sellers
6bcb2352a2a0c38b845f598298ab9d26,87050,maringa,PR,2026-03-23T13:30:04.160Z,api/v1/data/sellers
6c17baf138731a4aaacc3210adf2037b,14400,franca,SP,2026-03-23T13:30:04.087Z,api/v1/data/sellers
6c6e3d67f969468f3bfd33f827a31222,87035,maringa,PR,2026-03-23T13:30:03.705Z,api/v1/data/sellers
6c7d50c24b3ccd2fd83b44d8bb34e073,19025,presidente prudente,SP,2026-03-23T13:30:03.976Z,api/v1/data/sellers
6cd68b3ed6d59aaa9fece558ad360c0a,31255,belo horizonte,MG,2026-03-23T13:30:03.742Z,api/v1/data/sellers
6d2f2e3b539480db1e0842b3a4e32e6e,7051,guarulhos,SP,2026-03-23T13:30:03.689Z,api/v1/data/sellers
6d803cb79cc31c41c4c789a75933b3c7,14600,sao joaquim da barra,SP,2026-03-23T13:30:03.724Z,api/v1/data/sellers
6ddc28b61be28373b4503a1f61cf98a9,3543,sao paulo,SP,2026-03-23T13:30:03.760Z,api/v1/data/sellers
6df688df543f90e9b38f4319e75a9d88,31230,belo horizonte,MG,2026-03-23T13:30:04.143Z,api/v1/data/sellers
6e13dd869aa7185f601c941423abcc8f,5311,sao paulo,SP,2026-03-23T13:30:04.195Z,api/v1/data/sellers
6e386f64c84e482f0b9abf960797ee1b,1539,sao paulo,SP,2026-03-23T13:30:03.747Z,api/v1/data/sellers
6eb94e1466490d327a09abf8f3552a50,13219,jundiai,SP,2026-03-23T13:30:03.784Z,api/v1/data/sellers
6ec1a01e866584bb679eb9b098345919,11040,santos,SP,2026-03-23T13:30:03.684Z,api/v1/data/sellers
6edacfd9f9074789dad6d62ba7950b9c,7135,guarulhos,SP,2026-03-23T13:30:03.937Z,api/v1/data/sellers
6f229cc508fc6915ed5c499efd93baa4,21931,rio de janeiro,RJ,2026-03-23T13:30:03.757Z,api/v1/data/sellers
70125af26c2d6d4ef401a1d02ae7701f,74435,goiania,GO,2026-03-23T13:30:03.992Z,api/v1/data/sellers
701938c450705b8ae65fc923b70f35c7,15014,s jose do rio preto,SP,2026-03-23T13:30:04.199Z,api/v1/data/sellers
709e16e2b25c7474d980076c6bfc4806,16200,birigui,SP,2026-03-23T13:30:03.670Z,api/v1/data/sellers
70b52a4cfc823994561b00bad161b4ed,2727,sao paulo,SP,2026-03-23T13:30:04.034Z,api/v1/data/sellers
70c0fda4c313d87115644d39e62eec60,55004,caruaru,PE,2026-03-23T13:30:03.678Z,api/v1/data/sellers
70ee69419916dc13e3aed619061f996c,8780,mogi das cruzes,SP,2026-03-23T13:30:03.784Z,api/v1/data/sellers
70f84699be677ec988d1fa824aef7d90,35700,sete lagoas,MG,2026-03-23T13:30:03.782Z,api/v1/data/sellers
71271995e85f5b8530be99ed54a91b89,91360,porto alegre,RS,2026-03-23T13:30:03.927Z,api/v1/data/sellers
712efd3b68f9686dc856b84abd0f21ae,82130,curitiba,PR,2026-03-23T13:30:03.875Z,api/v1/data/sellers
713e3a23ca5e47786eb6f0d99f94cfac,81050,curitiba,PR,2026-03-23T13:30:03.724Z,api/v1/data/sellers
7142540dd4c91e2237acb7e911c4eba2,16301,penapolis,SP,2026-03-23T13:30:03.712Z,api/v1/data/sellers
714b9a1332840f257b49f476bea4e341,15910,monte alto,SP,2026-03-23T13:30:03.770Z,api/v1/data/sellers
71592660bbcb6a4664e97b6f8b68babc,15055,sao jose do rio preto,SP,2026-03-23T13:30:03.748Z,api/v1/data/sellers
71593c7413973a1e160057b80d4958f6,3407,sao paulo / sao paulo,SP,2026-03-23T13:30:03.704Z,api/v1/data/sellers
715bbd5ba4e6b74cb0d2f29eb45058b0,13930,serra negra,SP,2026-03-23T13:30:04.125Z,api/v1/data/sellers
7178f9f4dd81dcef02f62acdf8151e01,89560,videira,SC,2026-03-23T13:30:03.692Z,api/v1/data/sellers
718539d38d07dd351c76db862760e2e2,13088,campinas,SP,2026-03-23T13:30:04.040Z,api/v1/data/sellers
7238f877570096ae403c51898fa64566,6519,santana de parnaiba,SP,2026-03-23T13:30:03.740Z,api/v1/data/sellers
723a46b89fd5c3ed78ccdf039e33ac63,93310,"novo hamburgo, rio grande do sul, brasil",RS,2026-03-23T13:30:03.808Z,api/v1/data/sellers
723cd880edaacdb998898b67c8f9da30,14940,ibitinga,SP,2026-03-23T13:30:04.196Z,api/v1/data/sellers
7299e27ed73d2ad986de7f7c77d919fa,38440,araguari,MG,2026-03-23T13:30:03.665Z,api/v1/data/sellers
72bc2cce903c872fe376a8faaa81d237,4693,sao paulo,SP,2026-03-23T13:30:04.206Z,api/v1/data/sellers
72c38a04bd6a1c3dbc5298425a0db86d,85804,cascavel,PR,2026-03-23T13:30:04.145Z,api/v1/data/sellers
72c73be2b085b9d57650dd53eb2004c9,2116,sao paulo,SP,2026-03-23T13:30:04.209Z,api/v1/data/sellers
7315baebc0572ff220d226283dc66728,13560,sao carlos,SP,2026-03-23T13:30:03.845Z,api/v1/data/sellers
731ef20c231d9a7103a425e83fd91271,88501,lages - sc,SC,2026-03-23T13:30:03.666Z,api/v1/data/sellers
739c7d7be81f63812dea0d1b1451c651,58400,campina grande,PB,2026-03-23T13:30:03.697Z,api/v1/data/sellers
73a63f72308aa20a46f4b1632018f196,82510,curitiba,PR,2026-03-23T13:30:03.867Z,api/v1/data/sellers
741f8c587cb4248ebc5b779a0e8e0e51,9110,santo andre,SP,2026-03-23T13:30:03.706Z,api/v1/data/sellers
744dac408745240a2c2528fb1b6028f3,83408,colombo,PR,2026-03-23T13:30:03.712Z,api/v1/data/sellers
7494d0dcba8551df6cf37f1b905dc2f7,11013,santos,SP,2026-03-23T13:30:04.136Z,api/v1/data/sellers
74bafed391319577bce6f4d2acc0589a,1311,sao paulo,SP,2026-03-23T13:30:04.166Z,api/v1/data/sellers
751bdc4d83a466c7206cd42e8f426b03,9405,ribeirao pires,SP,2026-03-23T13:30:03.746Z,api/v1/data/sellers
75745ef7bc7d4f3ea3380f6f5303f514,70384,brasilia,DF,2026-03-23T13:30:03.674Z,api/v1/data/sellers
75a4764c108403a7a0575140cb22287c,95072,caxias do sul,RS,2026-03-23T13:30:03.678Z,api/v1/data/sellers
75fdd0a732287f9497b179f6bd445d32,9350,maua,SP,2026-03-23T13:30:03.765Z,api/v1/data/sellers
762ed976527cddf02787edba70fffa2a,86026,londrina,PR,2026-03-23T13:30:03.858Z,api/v1/data/sellers
76833248bbc0e65a0293ec62023e4396,16200,birigui,SP,2026-03-23T13:30:03.966Z,api/v1/data/sellers
768a86e36ad6aae3d03ee3c6433d61df,1529,sao paulo,SP,2026-03-23T13:30:03.661Z,api/v1/data/sellers
768de2a4fc06aacecb9a586ccc30746a,70645,brasilia,DF,2026-03-23T13:30:03.662Z,api/v1/data/sellers
76d64c4aca3a7baf218bf93ef7fa768d,80215,curitiba,PR,2026-03-23T13:30:03.726Z,api/v1/data/sellers
76ea5315acb3f5f7ade3cd261faf922a,4213,sao paulo,SP,2026-03-23T13:30:03.987Z,api/v1/data/sellers
7722b1df1b0e383e000397b2c11e3e19,9715,sao bernardo do campo,SP,2026-03-23T13:30:03.665Z,api/v1/data/sellers
781a66c0d89e30814d49fe8b5e14cd07,13064,campinas,SP,2026-03-23T13:30:03.705Z,api/v1/data/sellers
782f78b632a43875dd5b53e3e49c9564,13030,campinas,SP,2026-03-23T13:30:04.188Z,api/v1/data/sellers
784ba75dd9d20200c4caed3d7a77141a,1040,sao paulo,SP,2026-03-23T13:30:03.675Z,api/v1/data/sellers
78813699ffac347fe27dba345a5f1551,95711,bento goncalves,RS,2026-03-23T13:30:03.666Z,api/v1/data/sellers
7901646fdd36a55f564ffaf2dbccaaf7,20021,rio de janeiro,RJ,2026-03-23T13:30:03.791Z,api/v1/data/sellers
791cfcfe22fe4a771ece27f90017da92,14010,ribeirao preto,SP,2026-03-23T13:30:03.672Z,api/v1/data/sellers
7994081388d55b9cf976c050653dd359,1244,sao paulo,SP,2026-03-23T13:30:03.859Z,api/v1/data/sellers
7994b065a7ffb14e71c6312cf87b9de2,29142,cariacica / es,ES,2026-03-23T13:30:03.843Z,api/v1/data/sellers
79b93a308a97792cf53ac75f46da00b5,22420,rio de janeiro,RJ,2026-03-23T13:30:03.669Z,api/v1/data/sellers
79ebd9a61bac3eaf882805ed4ecfa12a,85802,cascavel,PR,2026-03-23T13:30:03.714Z,api/v1/data/sellers
7aa4334be125fcdd2ba64b3180029f14,18500,laranjal paulista,SP,2026-03-23T13:30:03.709Z,api/v1/data/sellers
7ade73f1b9b4e965f9009a4c3a7e2c15,17051,bauru,SP,2026-03-23T13:30:03.895Z,api/v1/data/sellers
7b07b3c7487f0ea825fc6df75abd658b,2016,sao paulo,SP,2026-03-23T13:30:03.675Z,api/v1/data/sellers
7b1222c3624aa89b9558b50a2594188c,15041,sao jose do rio preto,SP,2026-03-23T13:30:04.148Z,api/v1/data/sellers
7b8e8ec35bad4b0ef7e3963650b0a87b,88705,tubarao,SC,2026-03-23T13:30:03.661Z,api/v1/data/sellers
7b98de631987e26dd6d803490c43a13c,87900,loanda,PR,2026-03-23T13:30:03.681Z,api/v1/data/sellers
7c1fea10b5b006671d608b1d7c446ec4,18550,boituva,SP,2026-03-23T13:30:03.821Z,api/v1/data/sellers
7c4adcc13272c0e26fa23aac642adb7b,24725,sao goncalo,RJ,2026-03-23T13:30:03.802Z,api/v1/data/sellers
7c5b05cbdb5542049f38d90d7815b97d,5201,sao paulo,SP,2026-03-23T13:30:03.869Z,api/v1/data/sellers
7c9130f5f3729edd32aa059141d92484,17400,garca,SP,2026-03-23T13:30:04.105Z,api/v1/data/sellers
7cf4ea70955b00d6b3c22542598e2715,1125,sao paulo,SP,2026-03-23T13:30:03.669Z,api/v1/data/sellers
7d13fca15225358621be4086e1eb0964,14050,ribeirao preto,SP,2026-03-23T13:30:03.704Z,api/v1/data/sellers
7d294cf9a6a69dc6a0c3e540fff0e039,88390,barra velha,SC,2026-03-23T13:30:03.663Z,api/v1/data/sellers
7d7866a99a8656a42c7ff6352a433410,1320,sao paulo,SP,2026-03-23T13:30:03.752Z,api/v1/data/sellers
7dc9a3355bae96dd82008b313d3a456c,36213,dores de campos,MG,2026-03-23T13:30:04.064Z,api/v1/data/sellers
7e93a43ef30c4f03f38b393420bc753a,6429,barueri,SP,2026-03-23T13:30:03.664Z,api/v1/data/sellers
7e959205cebc10adefcb331f934238a4,1223,sao paulo,SP,2026-03-23T13:30:04.010Z,api/v1/data/sellers
7ea5bfa6c340f58f8e71fc1f0412b0d6,30180,belo horizonte,MG,2026-03-23T13:30:04.015Z,api/v1/data/sellers
7ecef8194babfec876ca720714327841,13041,campinas,SP,2026-03-23T13:30:03.827Z,api/v1/data/sellers
7f02656561b680def9986c0795a8a080,1417,sao paulo,SP,2026-03-23T13:30:03.722Z,api/v1/data/sellers
7f40d06aa0b5f1aa4f41af8c0480e2ef,13506,rio claro,SP,2026-03-23T13:30:04.144Z,api/v1/data/sellers
7fdb0720c8d7c9075538b365dc8c3a22,85904,toledo,PR,2026-03-23T13:30:04.117Z,api/v1/data/sellers
800214c63934acd05d47e84214db8ba8,89251,jaragua do sul,SC,2026-03-23T13:30:03.698Z,api/v1/data/sellers
80cfd480be3eb6d6267139f5cb793555,8223,sao paulo,SP,2026-03-23T13:30:03.789Z,api/v1/data/sellers
80f2cf9abf6b5a0e5c612b5eea6646e6,15046,sao jose do rio preto,SP,2026-03-23T13:30:03.711Z,api/v1/data/sellers
8132b9bd16876e1b0f8808d43825dd48,88058,florianopolis,SC,2026-03-23T13:30:03.692Z,api/v1/data/sellers
817245bcc3badd82bbd222e0366951a6,17056,bauru,SP,2026-03-23T13:30:03.690Z,api/v1/data/sellers
822b63912576852aea9a8436d72317b7,13840,mogi guacu,SP,2026-03-23T13:30:03.737Z,api/v1/data/sellers
82e0a475a88cc9595229d8029273f045,3417,sao paulo,SP,2026-03-23T13:30:03.676Z,api/v1/data/sellers
830379336fad8c6f3b15a4a3ddb5c66e,2518,sao paulo,SP,2026-03-23T13:30:03.703Z,api/v1/data/sellers
83353a83fd769dfafa4f21a72b15e3e5,5786,sao paulo,SP,2026-03-23T13:30:03.669Z,api/v1/data/sellers
83b08de96980757220871b31bf6cffca,21820,rio de janeiro,RJ,2026-03-23T13:30:03.695Z,api/v1/data/sellers
83c465a786b06574376909b35ef6752a,13560,sao carlos,SP,2026-03-23T13:30:03.747Z,api/v1/data/sellers
83d458c0d6d4f94295d63f091460bd60,29101,vila velha,SP,2026-03-23T13:30:03.834Z,api/v1/data/sellers
83d7070a0b9a8b4625fa8682b819fabb,6717,cotia,SP,2026-03-23T13:30:04.151Z,api/v1/data/sellers
83deb69e889cf80f82be1dc6d5f2d486,88056,florianopolis,SC,2026-03-23T13:30:03.713Z,api/v1/data/sellers
83f2b4881141ce3fcd4e985125d3279e,14055,ribeirao preto,SP,2026-03-23T13:30:03.757Z,api/v1/data/sellers
8444e55c1f13cd5c179851e5ca5ebd00,37584,congonhal,MG,2026-03-23T13:30:03.662Z,api/v1/data/sellers
845e8036c3f7bf62099352f5ed910240,21041,rio de janeiro,RJ,2026-03-23T13:30:03.874Z,api/v1/data/sellers
8476243f92442881ddd5b578975cf115,93700,campo bom,RS,2026-03-23T13:30:03.768Z,api/v1/data/sellers
84c945f15571830c1a91a33978e94009,2851,sao paulo,SP,2026-03-23T13:30:03.910Z,api/v1/data/sellers
8501d82f68d23148b6d78bb7c4a42037,89031,blumenau,SC,2026-03-23T13:30:03.722Z,api/v1/data/sellers
8602a61d680a10a82cceeeda0d99ea3d,1001,sao paulo,SP,2026-03-23T13:30:04.092Z,api/v1/data/sellers
8603f0038fe0e52fedd3382d266723de,88495,garopaba,SC,2026-03-23T13:30:03.823Z,api/v1/data/sellers
87142160b41353c4e5fca2360caf6f92,90230,porto alegre,RS,2026-03-23T13:30:03.807Z,api/v1/data/sellers
8759e7aedd644f487315e5860962f162,9251,santo andre,SP,2026-03-23T13:30:03.663Z,api/v1/data/sellers
87b4428a334b8f676fd9a7f3bf544fb5,16480,guaimbe,SP,2026-03-23T13:30:03.827Z,api/v1/data/sellers
87d30a6a0cbf89356e49324971ab1d24,2036,sao paulo,SP,2026-03-23T13:30:03.739Z,api/v1/data/sellers
87d3c3aeb3ead335511b3ce315eb341e,3059,sao paulo,SP,2026-03-23T13:30:03.825Z,api/v1/data/sellers
87d73636a3acf123e842bb890a4db036,15190,nhandeara,SP,2026-03-23T13:30:03.673Z,api/v1/data/sellers
889009a0ed0bb52c87819941192931b8,18682,lencois paulista,SP,2026-03-23T13:30:03.679Z,api/v1/data/sellers
88af55b4a7ca402b27df16f7c7c9b5d2,6775,taboao da serra,SP,2026-03-23T13:30:03.715Z,api/v1/data/sellers
89c127985a8b130cfa45c1d36764017a,6016,osasco,SP,2026-03-23T13:30:03.686Z,api/v1/data/sellers
89d9a386b0b6e5fc8403071b03f7206a,3103,sao paulo,SP,2026-03-23T13:30:03.770Z,api/v1/data/sellers
89de2d6f23e9746ff309705b23581faa,86060,londrina,PR,2026-03-23T13:30:03.743Z,api/v1/data/sellers
8a1ff5c35f6595a73fef4c7b96e4908a,83091,sao  jose dos pinhais,PR,2026-03-23T13:30:03.820Z,api/v1/data/sellers
8a207b6080964f3c1fc9d35bd6096ba4,15155,jaci,SP,2026-03-23T13:30:03.811Z,api/v1/data/sellers
8a2d12a90e92f012ce5226fc6592b653,81210,curitiba,PR,2026-03-23T13:30:03.854Z,api/v1/data/sellers
8a432f4e5b471f8da497d7dc517666e2,19042,presidente prudente,SP,2026-03-23T13:30:03.883Z,api/v1/data/sellers
8a87611c08849ffeeccab52aa798b6c7,82940,curitiba,PR,2026-03-23T13:30:04.052Z,api/v1/data/sellers
8a8835a43bda99fd37310ad76c457510,9540,sao caetano do sul,SP,2026-03-23T13:30:03.982Z,api/v1/data/sellers
8a9260f2b0340411d6d2a56bcf4f7378,32180,contagem,MG,2026-03-23T13:30:03.665Z,api/v1/data/sellers
8b181ee5518df84f18f4e1a43fe07923,87360,goioere,SP,2026-03-23T13:30:03.694Z,api/v1/data/sellers
8b2492b7ff4468839593fafeed55bad9,24451,sao goncalo,RJ,2026-03-23T13:30:03.686Z,api/v1/data/sellers
8b321bb669392f5163d04c59e235e066,1212,sao paulo,SP,2026-03-23T13:30:03.725Z,api/v1/data/sellers
8b9d6eec4a7eb7d0f9d579ce0b38324d,26562,mesquita,RJ,2026-03-23T13:30:03.713Z,api/v1/data/sellers
8bb48dc19fccaa8613b6229bf7f452a2,19803,assis,SP,2026-03-23T13:30:03.671Z,api/v1/data/sellers
8bd0e3abda539b9479c4b44a691be1ec,98910,tres de maio,RS,2026-03-23T13:30:03.661Z,api/v1/data/sellers
8bd0f31cf0a614c658f6763bd02dea69,1222,sao paulo,SP,2026-03-23T13:30:03.661Z,api/v1/data/sellers
8c3b533c63cca56240f94f1e3a6b18ef,31050,belo horizonte,MG,2026-03-23T13:30:03.741Z,api/v1/data/sellers
8c91bfea4263b8fba54081460693e2a1,98920,horizontina,RS,2026-03-23T13:30:03.763Z,api/v1/data/sellers
8ca5b19e0263150d2c57afdde2b3d011,9336,maua,SP,2026-03-23T13:30:03.701Z,api/v1/data/sellers
8cb7c5ddf41f4d506eba76e9a4702a25,75110,anapolis,GO,2026-03-23T13:30:03.661Z,api/v1/data/sellers
8ccf3cf69651cc1d8a02c8bfaf3b8568,13504,rio claro,SP,2026-03-23T13:30:03.850Z,api/v1/data/sellers
8d956fec2e4337affcb520f56fd8cbfd,9780,sao bernardo do campo,SP,2026-03-23T13:30:03.945Z,api/v1/data/sellers
8daab2245ebdc277c51098d01c5ad8ef,8411,sao paulo,SP,2026-03-23T13:30:03.717Z,api/v1/data/sellers
8e34331b7eedd03be4e5d965c1956225,4009,sao paulo,SP,2026-03-23T13:30:03.687Z,api/v1/data/sellers
8e6d7754bc7e0f22c96d255ebda59eba,12233,sao jose dos campos,SP,2026-03-23T13:30:03.716Z,api/v1/data/sellers
8ec76bb0965af3f007692b26fa9d6623,88804,criciuma,SC,2026-03-23T13:30:03.739Z,api/v1/data/sellers
8ed8ea9a57c862f2c18c2fe41f601d56,89030,blumenau,SC,2026-03-23T13:30:03.794Z,api/v1/data/sellers
8f2b51a30523cdecddc2f179f351c7d6,4833,sao paulo,SP,2026-03-23T13:30:04.130Z,api/v1/data/sellers
8fd3b4468f6425810648177996c14cbd,15015,sao jose do rio preto,SP,2026-03-23T13:30:03.723Z,api/v1/data/sellers
8ff1a9df749e454105c55cda13e79143,17509,marilia,SP,2026-03-23T13:30:03.784Z,api/v1/data/sellers
916748bc99315c2d202898ae58b1617e,18040,sorocaba,SP,2026-03-23T13:30:04.075Z,api/v1/data/sellers
918717417d88a9f9ae9735567e6c7682,5547,sao paulo,SP,2026-03-23T13:30:03.801Z,api/v1/data/sellers
9200e6ce317b67196b6b0bad4d4bd567,20771,rio de janeiro,RJ,2026-03-23T13:30:04.046Z,api/v1/data/sellers
92c8bc6e8f925792247656fed09aad65,3384,sao paulo,SP,2026-03-23T13:30:03.716Z,api/v1/data/sellers
92d14edfb62ee5ae7fdff70b0f4e7233,9810,sao bernardo do campo,SP,2026-03-23T13:30:04.168Z,api/v1/data/sellers
933446e9a59dece7ae9175103820ca8f,81730,curitiba,PR,2026-03-23T13:30:04.118Z,api/v1/data/sellers
934ed5cd1b9c1c7382d0a94a94b9e639,81070,curitiba,PR,2026-03-23T13:30:03.922Z,api/v1/data/sellers
93b9a99027bd8bd6af682aff18dd19bf,7600,mairipora,SP,2026-03-23T13:30:03.826Z,api/v1/data/sellers
94165aea8a35c3c21499cbcae239b16c,38412,uberlandia,MG,2026-03-23T13:30:04.083Z,api/v1/data/sellers
94231344608e603693b0a8891143f65d,91520,porto alegre,SP,2026-03-23T13:30:03.924Z,api/v1/data/sellers
94d76e96eedd976258cd3278ce56d5f2,18132,sao roque,SP,2026-03-23T13:30:03.933Z,api/v1/data/sellers
9523fb39dd240aa958e040f8183d64f3,1541,sao paulo,SP,2026-03-23T13:30:03.683Z,api/v1/data/sellers
955fee9216a65b617aa5c0531780ce60,4782,sao paulo,SP,2026-03-23T13:30:03.745Z,api/v1/data/sellers
9591fc341b1bfb7ef561e2968ec6e011,4456,sao paulo,SP,2026-03-23T13:30:04.152Z,api/v1/data/sellers
95ec4458365c4d11f452ccf538377619,13481,limeira,SP,2026-03-23T13:30:03.684Z,api/v1/data/sellers
95f83f51203c626648c875dd41874c7f,37564,borda da mata,MG,2026-03-23T13:30:04.131Z,api/v1/data/sellers
96493fab2fbb13a14d0c0e8772eef5c3,5537,sao paulo,SP,2026-03-23T13:30:03.819Z,api/v1/data/sellers
964ff64dc05b13811c6d0f41e0aa5f6b,4154,sao paulo,SP,2026-03-23T13:30:03.903Z,api/v1/data/sellers
966cb4760537b1404caedd472cc610a5,9920,diadema,SP,2026-03-23T13:30:04.158Z,api/v1/data/sellers
9674754b5a0cb32b638cec001178f799,4438,sao paulo,SP,2026-03-23T13:30:03.952Z,api/v1/data/sellers
96e5dc09087bad639b4ee193104ec2e5,28660,bom jardim,RJ,2026-03-23T13:30:03.905Z,api/v1/data/sellers
972d0f9cf61b499a4812cf0bfa3ad3c4,88359,brusque,SC,2026-03-23T13:30:03.763Z,api/v1/data/sellers
979e9f8b5b39dd243a2550c8b05aecf0,4160,sao paulo,SP,2026-03-23T13:30:04.042Z,api/v1/data/sellers
97e4a63591ca439a2b8b7efd20e6e19e,20520,rio de janeiro,RJ,2026-03-23T13:30:03.805Z,api/v1/data/sellers
97e50a621f8e801f4baf69e08687c192,4209,sao paulo,SP,2026-03-23T13:30:03.803Z,api/v1/data/sellers
98f52e1020fe788c10c0418de4393fec,27963,macae,RJ,2026-03-23T13:30:03.671Z,api/v1/data/sellers
99002261c568a84cce14d43fcffb43ea,78095,cuiaba,MT,2026-03-23T13:30:03.675Z,api/v1/data/sellers
9996ae921c50e8dff411ac69c0b4bb8b,17605,tupa,SP,2026-03-23T13:30:03.831Z,api/v1/data/sellers
99cd94252748d2bdde08e17858233602,12401,sao paulo,SP,2026-03-23T13:30:03.671Z,api/v1/data/sellers
99eaacc9e6046db1c82b163c5f84869f,14400,franca,SP,2026-03-23T13:30:03.822Z,api/v1/data/sellers
9a03a4e9eb0b947652fae4f6121a3f5e,15805,catanduva,SP,2026-03-23T13:30:03.742Z,api/v1/data/sellers
9aa388272ee334b6ae07bc73706e254a,36886,muriae,MG,2026-03-23T13:30:04.165Z,api/v1/data/sellers
9ac75591b69c3402684b6ce0310f22ee,2880,sao paulo,SP,2026-03-23T13:30:03.766Z,api/v1/data/sellers
9b013e03b2ab786505a1d3b5c0756754,11450,vicente de carvalho,SP,2026-03-23T13:30:03.713Z,api/v1/data/sellers
9b76ad3d04236f76bc71c59470305e13,18550,boituva,SP,2026-03-23T13:30:03.930Z,api/v1/data/sellers
9c0e69c7bf2619675bbadf47b43f655a,12230,sao jose dos campos,SP,2026-03-23T13:30:03.932Z,api/v1/data/sellers
9c1c0c36cd23c20897e473901a8fb149,11702,praia grande,SP,2026-03-23T13:30:03.737Z,api/v1/data/sellers
9c4d31c7e46ab03a43fc06e3142afd4e,20785,rio de janeiro,RJ,2026-03-23T13:30:03.670Z,api/v1/data/sellers
9c690ceacd5c66731bf443ea810195cb,37650,camanducaia,MG,2026-03-23T13:30:03.662Z,api/v1/data/sellers
9d213f303afae4983637247556438ede,14940,ibitinga,SP,2026-03-23T13:30:04.111Z,api/v1/data/sellers
9d39404483343dd55c7ae254494d8388,1044,sao paulo,SP,2026-03-23T13:30:03.674Z,api/v1/data/sellers
9d681c7e12db302cb261e721040dde65,80330,curitiba,PR,2026-03-23T13:30:03.809Z,api/v1/data/sellers
9d69ba0a7a626a64dc5db08e529559cf,14075,ribeirao preto,SP,2026-03-23T13:30:03.701Z,api/v1/data/sellers
9da1ca0bef29ee170e541927a5aeabdc,15500,votuporanga,SP,2026-03-23T13:30:03.975Z,api/v1/data/sellers
9dc79dd988ac42f4d56c340d7048420a,3569,sao paulo,SP,2026-03-23T13:30:03.670Z,api/v1/data/sellers
9dd459b29a14bf89d47183cf2cd0e4c7,4716,sao paulo,SP,2026-03-23T13:30:03.716Z,api/v1/data/sellers
9dd59e43f0c9f0553244e8f9c2fb247e,85851,foz do iguacu,PR,2026-03-23T13:30:03.943Z,api/v1/data/sellers
9e17b9d64683aebcbb9ee362d06463b4,14020,ribeirao preto,SP,2026-03-23T13:30:04.146Z,api/v1/data/sellers
9e6229250fedbe05838fef417b74e7fb,16800,mirandopolis,SP,2026-03-23T13:30:03.689Z,api/v1/data/sellers
9e7c5f4d7770eab65738cca38f9efccf,2562,sao paulo,SP,2026-03-23T13:30:03.938Z,api/v1/data/sellers
9ed65337433adfbedefd23dd76eaa494,5462,sao paulo,SP,2026-03-23T13:30:03.899Z,api/v1/data/sellers
9f505651f4a6abe901a56cdc21508025,4102,sao paulo,SP,2026-03-23T13:30:03.711Z,api/v1/data/sellers
a0415d9b25ede3c4b1e477e9916ffc03,26255,nova iguacu,RJ,2026-03-23T13:30:03.759Z,api/v1/data/sellers
a0e19590a0923cdd0614ea9427713ced,83075,sao jose dos pinhais,PR,2026-03-23T13:30:03.807Z,api/v1/data/sellers
a11a0e0ca67423425691db355cff69b0,13330,indaiatuba,SP,2026-03-23T13:30:03.735Z,api/v1/data/sellers
a13580f0e8f782b7a543885a0ef99f08,22790,rio de janeiro,RJ,2026-03-23T13:30:04.001Z,api/v1/data/sellers
a13aaf2d2886ab9fb30fb9a920160b8f,89207,joinville,SC,2026-03-23T13:30:03.665Z,api/v1/data/sellers
a150c540f572d0fb53992264bc5c10b5,18035,sorocaba,SP,2026-03-23T13:30:03.820Z,api/v1/data/sellers
a17f621c590ea0fab3d5d883e1630ec6,18055,sorocaba,SP,2026-03-23T13:30:03.700Z,api/v1/data/sellers
a21c11ec5c3f03e7cc9f9203bff9e1c6,6513,santana de parnaiba,SP,2026-03-23T13:30:03.804Z,api/v1/data/sellers
a254c682cc01e119f83530446f1df9a9,16500,cafelandia,SP,2026-03-23T13:30:03.703Z,api/v1/data/sellers
a2fa0bdc798ee84cdb08281337cf4fb6,88063,florianopolis,SC,2026-03-23T13:30:04.022Z,api/v1/data/sellers
a369d693961cb93b61ca2cc518872a85,15081,sao jose do rio preto,SP,2026-03-23T13:30:03.896Z,api/v1/data/sellers
a3a38f4affed601eb87a97788c949667,89204,joinville,SC,2026-03-23T13:30:03.712Z,api/v1/data/sellers
a3e9a2c700480d9bb01fba070ba80a0e,14940,ibitinga,SP,2026-03-23T13:30:03.710Z,api/v1/data/sellers
a3fa18b3f688ec0fca3eb8bfcbd2d5b3,4557,são paulo,SP,2026-03-23T13:30:03.737Z,api/v1/data/sellers
a416b6a846a11724393025641d4edd5e,3702,sao paulo,SP,2026-03-23T13:30:03.664Z,api/v1/data/sellers
a420f60ff1aa9acc80d0e42959f2b313,5138,sao paulo,SP,2026-03-23T13:30:04.071Z,api/v1/data/sellers
a435b009cd956ea60748b5cfbddf2e24,14406,franca,SP,2026-03-23T13:30:03.928Z,api/v1/data/sellers
a4bd6e9adf39b63f43dc545d3ca1f53d,21020,rio de janeiro,RJ,2026-03-23T13:30:03.705Z,api/v1/data/sellers
a4e634166243bbb3a13fa584463fa468,6286,osasco,SP,2026-03-23T13:30:03.708Z,api/v1/data/sellers
a513150f33f99a06569e9cd5c4bb889b,1545,sao paulo,SP,2026-03-23T13:30:03.681Z,api/v1/data/sellers
a5bff0f43eb51f0cad7c37fac7244c8a,4827,sao paulo,SP,2026-03-23T13:30:04.174Z,api/v1/data/sellers
a63bfbaa882c8f4542891b4e2246cc7f,24355,niteroi,RJ,2026-03-23T13:30:03.685Z,api/v1/data/sellers
a64e44665225d19dfc0277eeeaaccc57,19400,sao paulo,SP,2026-03-23T13:30:03.682Z,api/v1/data/sellers
a663d9c3797e90eac99ff60939416a56,3951,sao paulo,SP,2026-03-23T13:30:03.707Z,api/v1/data/sellers
a67780aba9dd436e7ac0aa1f889e73ec,19027,presidente prudente,SP,2026-03-23T13:30:04.191Z,api/v1/data/sellers
a6bd7d1ccdac48c6b33b28596b7eb122,58280,mamanguape,PB,2026-03-23T13:30:03.693Z,api/v1/data/sellers
a7a9b880c49781da66651ccf4ba9ac38,13530,itirapina,SP,2026-03-23T13:30:03.661Z,api/v1/data/sellers
a7b7354cc588f7566a848bcbb1ce3d96,1215,sao paulo,SP,2026-03-23T13:30:03.800Z,api/v1/data/sellers
a7c53f6b3b61adbdaa99dda97e8cbd56,14780,barretos,SP,2026-03-23T13:30:03.735Z,api/v1/data/sellers
a7c88262832dfc683781d6a421edefae,8710,mogi das cruzes,SP,2026-03-23T13:30:03.718Z,api/v1/data/sellers
a7dc4098e4da6e41b426269d12ae7e91,4386,sao paulo,SP,2026-03-23T13:30:03.801Z,api/v1/data/sellers
a81466620e46a6970b22ef40379fdfc9,88730,sao ludgero,SC,2026-03-23T13:30:03.662Z,api/v1/data/sellers
a90a5da8b09e44264a177c0374a5ac87,84010,ponta grossa,PR,2026-03-23T13:30:03.773Z,api/v1/data/sellers
a9415cf907dfa12f9ed18693244f5329,36320,prados,MG,2026-03-23T13:30:03.844Z,api/v1/data/sellers
aa8af66c623d7d544dfe4bb85b5ebe3b,32672,betim,MG,2026-03-23T13:30:03.916Z,api/v1/data/sellers
aadfe0417e61315688b6bd7043361e25,74340,goiania,GO,2026-03-23T13:30:04.112Z,api/v1/data/sellers
aaed1309374718fdd995ee4c58c9dfcd,89120,timbo,SC,2026-03-23T13:30:03.687Z,api/v1/data/sellers
ab75b89cc49c9ab3160d0c91565a442a,17604,tupa,SP,2026-03-23T13:30:03.824Z,api/v1/data/sellers
aba1721a889e04decc910aa13b768ef4,5729,sao paulo,SP,2026-03-23T13:30:03.740Z,api/v1/data/sellers
abe42c5d03695b4257b5c6cbf4e6784e,21235,rio de janeiro,RJ,2026-03-23T13:30:03.669Z,api/v1/data/sellers
ac1ed5fc15901fbc92920361eb4ab350,3334,sao paulo,SP,2026-03-23T13:30:03.707Z,api/v1/data/sellers
ac51cac5e20d69ff485a54746488ef48,14096,ribeirao preto,SP,2026-03-23T13:30:03.750Z,api/v1/data/sellers
ac9b01377919cdbd2a1bbb8d5837c70b,8773,mogi das cruzes,SP,2026-03-23T13:30:03.707Z,api/v1/data/sellers
ace601496e211a664100321f038f50af,2372,sao paulo,SP,2026-03-23T13:30:04.157Z,api/v1/data/sellers
aced59e9b31ef866a94f9e7f29d8d418,3306,sao paulo,SP,2026-03-23T13:30:03.730Z,api/v1/data/sellers
acf974e4d5950ad143a247471b831eb9,95059,caxias do sul,RS,2026-03-23T13:30:04.054Z,api/v1/data/sellers
ad420dd0c4f92f8af951ac24b86d0cf5,38230,fronteira,MG,2026-03-23T13:30:03.838Z,api/v1/data/sellers
ad75519a07f039025e83795a4418470f,76500,santa terezinha de goias,GO,2026-03-23T13:30:03.676Z,api/v1/data/sellers
ad87df7699e83b8a91822a4a0b765c3a,13820,jaguariuna,SP,2026-03-23T13:30:03.671Z,api/v1/data/sellers
ad97a199236354e53fcd91a5a913e9a2,88350,brusque,SC,2026-03-23T13:30:04.080Z,api/v1/data/sellers
adcf50477d6a1f5d91bb9d54c4903cb5,35530,claudio,MG,2026-03-23T13:30:03.768Z,api/v1/data/sellers
ae8bfdbf1c2a2a2dee92d799db0a31c6,85900,toledo,PR,2026-03-23T13:30:04.049Z,api/v1/data/sellers
aec99834ab5d38ead22766ada8497e87,83411,colombo,PR,2026-03-23T13:30:03.900Z,api/v1/data/sellers
b00af24704019bd2e1b335e70ad11f7c,40130,salvador,BA,2026-03-23T13:30:03.877Z,api/v1/data/sellers
b026643914f651e8371425e5b8a1e780,22783,rio de janeiro,RJ,2026-03-23T13:30:03.715Z,api/v1/data/sellers
b0b346d3a89f5eb4c2968af3f083cd43,13105,campinas,SP,2026-03-23T13:30:03.758Z,api/v1/data/sellers
b14db04aa7881970e83ffa9426897925,18048,sorocaba,SP,2026-03-23T13:30:03.709Z,api/v1/data/sellers
b18dc380845b24038cfc48006478f099,9951,diadema,SP,2026-03-23T13:30:03.679Z,api/v1/data/sellers
b1b3948701c5c72445495bd161b83a4c,3390,sao paulo,SP,2026-03-23T13:30:04.194Z,api/v1/data/sellers
b1fecf4da1fa2689bccffa0121953643,79107,campo grande,MS,2026-03-23T13:30:04.147Z,api/v1/data/sellers
b2479f944e1b90cf8a5de1bbfde284d6,14940,ibitinga,SP,2026-03-23T13:30:03.665Z,api/v1/data/sellers
b2a6d334e2833acea353624840e25a0e,4133,sao paulo,SP,2026-03-23T13:30:03.662Z,api/v1/data/sellers
b32be1695eb7ec5f10f72d9610a12527,95012,caxias do sul,RS,2026-03-23T13:30:04.141Z,api/v1/data/sellers
b33aaadd1a8891d2dfef0c4c3bdf0371,13481,limeira,SP,2026-03-23T13:30:04.154Z,api/v1/data/sellers
b452cb0ae35044c4a53179c39f49fb06,18047,sorocaba,SP,2026-03-23T13:30:04.162Z,api/v1/data/sellers
b4a476fbd28de64b1e347abf9089366a,6653,itapevi,SP,2026-03-23T13:30:03.694Z,api/v1/data/sellers
b4f8921fcc4ff77b66bea6dda43dcd51,95034,caxias do sul,RS,2026-03-23T13:30:03.730Z,api/v1/data/sellers
b56906f7fd1696e043f1bcce164c487b,19830,echapora,SP,2026-03-23T13:30:03.668Z,api/v1/data/sellers
b5bb2b985208834bd5bd86c7a402bbad,95800,venancio aires,RS,2026-03-23T13:30:04.146Z,api/v1/data/sellers
b5d034ac251546e25afe9067f05c1539,6852,itapecerica da serra,SP,2026-03-23T13:30:03.820Z,api/v1/data/sellers
b6d44737c043328708f6749c2dbe50bd,9230,santo andre,SP,2026-03-23T13:30:03.762Z,api/v1/data/sellers
b6dc74ed30f124f95227bed4e43a3bed,86702,arapongas,PR,2026-03-23T13:30:03.793Z,api/v1/data/sellers
b6e1504972665f739dec4facb9943775,13405,piracicaba,SP,2026-03-23T13:30:03.821Z,api/v1/data/sellers
b6f52e346160519c24a23af05410ad32,1254,sao paulo,SP,2026-03-23T13:30:03.991Z,api/v1/data/sellers
b76f4d90e85657a240495c876313adc5,13185,hortolandia,SP,2026-03-23T13:30:04.041Z,api/v1/data/sellers
b7ba853e9551f4558440881fd3e5c815,95500,santo antonio da patrulha,RS,2026-03-23T13:30:03.663Z,api/v1/data/sellers
b7d5b4b87af9d42b601865d3f3810bff,88020,florianopolis,SC,2026-03-23T13:30:03.845Z,api/v1/data/sellers
b7e1750c1157341d2abd0251e07c186b,5741,sao paulo,SP,2026-03-23T13:30:03.664Z,api/v1/data/sellers
b8114f2f589a6804810f04f99b36b498,9633,sao bernardo do campo,SP,2026-03-23T13:30:04.150Z,api/v1/data/sellers
b8555308bfdb4ca1ed54325a58da9a97,9751,sao bernardo do campo,SP,2026-03-23T13:30:03.704Z,api/v1/data/sellers
b8578d2d823bd8e251f6fdd02b40902d,89069,blumenau,SC,2026-03-23T13:30:03.901Z,api/v1/data/sellers
b86a47b3366e3b5424a7b225781f4908,37900,passos,MG,2026-03-23T13:30:03.755Z,api/v1/data/sellers
b87a7ea0c30fad2dd6781b74a0064859,4133,sao paulo,SP,2026-03-23T13:30:03.909Z,api/v1/data/sellers
b90e891671cffd9557f33a97dc523645,83010,sao jose dos pinhais,PR,2026-03-23T13:30:03.664Z,api/v1/data/sellers
b92e3c8f9738272ff7c59e111e108d7c,36502,uba,MG,2026-03-23T13:30:03.704Z,api/v1/data/sellers
b94cc9f10ddc85e4ba73a6f7974e7101,27930,macae,RJ,2026-03-23T13:30:04.142Z,api/v1/data/sellers
b9a03475e6447e631b6799ec8274800f,85830,formosa do oeste,PR,2026-03-23T13:30:03.676Z,api/v1/data/sellers
ba5daa4041e1f15cdf34b76e3e18a450,4363,sao paulo,SP,2026-03-23T13:30:03.747Z,api/v1/data/sellers
ba6b4a237f92479743cf0ca06b67a9ac,23550,rio de janeiro,RJ,2026-03-23T13:30:03.676Z,api/v1/data/sellers
ba6b68b55fe8704377a7d43c8e5c0185,30130,belo horizonte,MG,2026-03-23T13:30:04.149Z,api/v1/data/sellers
ba90964cff9b9e0e6f32b23b82465f7b,7140,guarulhos,SP,2026-03-23T13:30:03.995Z,api/v1/data/sellers
bac692d6c0ed08467878018e6cc9c26c,89041,blumenau,SC,2026-03-23T13:30:03.772Z,api/v1/data/sellers
baf15155e37ef5492731459bdc05be8a,5715,sao paulo,SP,2026-03-23T13:30:03.700Z,api/v1/data/sellers
bb7a14e229b1c95156719c3d9552eeee,23095,rio de janeiro,RJ,2026-03-23T13:30:04.127Z,api/v1/data/sellers
bb7ad8a45c027be8ab075b8e465f8ca0,88056,floranopolis,SC,2026-03-23T13:30:03.810Z,api/v1/data/sellers
bba3293d6f5d5af2f415e004e8b93ae3,4726,sao paulo,SP,2026-03-23T13:30:03.666Z,api/v1/data/sellers
bc2ac6b95e1accce9858528ee566c17e,13085,campinas,SP,2026-03-23T13:30:04.076Z,api/v1/data/sellers
bc503e244f187939d10c92a5c8e378ce,16200,birigui,SP,2026-03-23T13:30:03.990Z,api/v1/data/sellers
bcd2d7510d58e293f20fad6438c1b314,81540,curitiba,PR,2026-03-23T13:30:04.180Z,api/v1/data/sellers
bd15ee794d5e640d9dd71b665b2ab15b,14078,ribeirao preto,SP,2026-03-23T13:30:03.771Z,api/v1/data/sellers
bd697db56ff8e7c9cd1abeb7f72029b2,3533,sao paulo,SP,2026-03-23T13:30:04.023Z,api/v1/data/sellers
be3b4b0f050a6aa1b2d901c4b77e979f,84430,imbituva,PR,2026-03-23T13:30:03.922Z,api/v1/data/sellers
bee36b4f9a2b9fdcaff6ec05df202ed0,3308,sao paulo,SP,2026-03-23T13:30:03.696Z,api/v1/data/sellers
bf00385a5f7fc1ef39a13c2e9ee50a5f,1224,sao paulo,SP,2026-03-23T13:30:04.178Z,api/v1/data/sellers
bf0045791395e66460eb04749c68672a,4256,sao paulo,SP,2026-03-23T13:30:04.039Z,api/v1/data/sellers
bf100ecb7997df312b285358fb32f92c,83070,sao jose dos pinhais,PR,2026-03-23T13:30:03.812Z,api/v1/data/sellers
bfd27a966d91cfaafdb25d076585f0da,13930,serra negra,SP,2026-03-23T13:30:03.887Z,api/v1/data/sellers
c0098efcf800861dcae589affca31408,14080,ribeirao preto,SP,2026-03-23T13:30:03.685Z,api/v1/data/sellers
c013e57c075a06e5b5c48ee03c525719,13568,sao carlos,SP,2026-03-23T13:30:03.664Z,api/v1/data/sellers
c03121937e54a93fcc1825c3098bbb6e,82800,curitiba,PR,2026-03-23T13:30:03.908Z,api/v1/data/sellers
c04d70d515d15a7e3db3a73320598566,24020,niteroi,RJ,2026-03-23T13:30:03.712Z,api/v1/data/sellers
c092292535a57dacd95a8765f5518f87,26600,paracambi,RJ,2026-03-23T13:30:03.885Z,api/v1/data/sellers
c0aff2da32c17759d30b22fb0af6649d,88032,florianopolis,SC,2026-03-23T13:30:03.700Z,api/v1/data/sellers
c0f3eea2e14555b6faeea3dd58c1b1c3,4195,sao paulo,SP,2026-03-23T13:30:03.661Z,api/v1/data/sellers
c0f783394e37cd9c9d7f5f81141450fa,13416,piracicaba,SP,2026-03-23T13:30:03.662Z,api/v1/data/sellers
c1552b1dab6e6f760950368ae61fb600,12215,sao jose dos campos,SP,2026-03-23T13:30:04.036Z,api/v1/data/sellers
c161d1327ebc3a156c09582ab2f59f6c,3521,sao paulo,SP,2026-03-23T13:30:03.953Z,api/v1/data/sellers
c1dde11f12d05c478f5de2d7319ad3b2,1026,sao paulo,SP,2026-03-23T13:30:03.681Z,api/v1/data/sellers
c1f12f926d0ba950578b4fa41115cbb6,4317,sao paulo,SP,2026-03-23T13:30:04.090Z,api/v1/data/sellers
c240c4061717ac1806ae6ee72be3533b,20920,rio de janeiro,RJ,2026-03-23T13:30:03.661Z,api/v1/data/sellers
c286ec035ee04ba81c97508f0b5df544,81320,curitiba,PR,2026-03-23T13:30:04.186Z,api/v1/data/sellers
c2bda99904207edd1834f03e0022b007,8280,sao paulo,SP,2026-03-23T13:30:04.209Z,api/v1/data/sellers
c2d70ce2c5d0a2eb75e78668236e6dc8,4275,sao paulo,SP,2026-03-23T13:30:03.668Z,api/v1/data/sellers
c353f8fc0ce8344999f17d578eb69a5e,90850,porto alegre,RS,2026-03-23T13:30:03.662Z,api/v1/data/sellers
c3aad7dc65449ae90a5e9c3c6c1e78e0,15350,auriflama/sp,SP,2026-03-23T13:30:03.703Z,api/v1/data/sellers
c3acdfac4e3e97ff87529454fbc03642,5705,sao paulo,SP,2026-03-23T13:30:04.093Z,api/v1/data/sellers
c3cfdc648177fdbbbb35635a37472c53,80610,curitiba,PR,2026-03-23T13:30:03.831Z,api/v1/data/sellers
c3ee2331a724e6fc02c4b698b57a73f3,5108,sao paulo,SP,2026-03-23T13:30:03.815Z,api/v1/data/sellers
c3f5668699a1b04c0fa61ecea1e2bff6,86808,apucarana,PR,2026-03-23T13:30:03.710Z,api/v1/data/sellers
c42fd8e4d47dfb18ce5222f2dd7752f9,6246,osasco,SP,2026-03-23T13:30:03.734Z,api/v1/data/sellers
c4f7fee5b0db50e87766f5a4d1b1b758,18085,sorocaba,SP,2026-03-23T13:30:04.096Z,api/v1/data/sellers
c4fabeea6e569d42d02993bb1f4f1cbc,60741,fortaleza,CE,2026-03-23T13:30:03.785Z,api/v1/data/sellers
c54679b132454625907c773d273d4126,11443,guaruja,SP,2026-03-23T13:30:04.019Z,api/v1/data/sellers
c5ebe6598748b0aeaa61cfb820478b92,95910,lajeado,RS,2026-03-23T13:30:03.760Z,api/v1/data/sellers
c5f7e746b7e6d07def6c0dae9903279b,81350,curitiba,PR,2026-03-23T13:30:03.781Z,api/v1/data/sellers
c611f4ce9ce875bcc063fa97fd4d7d12,12944,atibaia,SP,2026-03-23T13:30:03.744Z,api/v1/data/sellers
c714262700f93defc16bf17a51a4cb23,2751,sao paulo,SP,2026-03-23T13:30:04.179Z,api/v1/data/sellers
c716e0b86ed568878475b60fbb6323ad,22783,rio de janeiro,SP,2026-03-23T13:30:03.738Z,api/v1/data/sellers
c7246702dc991a06d788120dc7544391,60440,fortaleza,CE,2026-03-23T13:30:03.688Z,api/v1/data/sellers
c731d18cea9bf687ffee82a241c25b11,89701,concordia,SC,2026-03-23T13:30:03.731Z,api/v1/data/sellers
c747d5b92c7648417faea95d36d763e8,61800,pacatuba,CE,2026-03-23T13:30:04.124Z,api/v1/data/sellers
c76d418370990614e89e956c7a7567d9,6787,taboao da serra,SP,2026-03-23T13:30:03.794Z,api/v1/data/sellers
c7bb64409aa480bb7d0335faaaf3d242,89218,joinville,SC,2026-03-23T13:30:03.810Z,api/v1/data/sellers
c7dcd301ecfe5ab7f778ac172cf74be7,30120,belo horizonte,MG,2026-03-23T13:30:04.085Z,api/v1/data/sellers
c84592044b180dec206770c38603814b,1026,sao paulo,SP,2026-03-23T13:30:03.993Z,api/v1/data/sellers
c85d7b477a709c85a1e8b8f25aa1b270,9640,sao bernardo do campo,SP,2026-03-23T13:30:03.697Z,api/v1/data/sellers
c8665a4dd081a2c436b1cd921079d0d9,14750,pitangueiras,SP,2026-03-23T13:30:04.084Z,api/v1/data/sellers
c8771b1a10bb99bb34d3c459c5cffb53,36512,tocantins,SP,2026-03-23T13:30:03.756Z,api/v1/data/sellers
c89cf7c468a48af70aada384e722f9e2,25730,petropolis,RJ,2026-03-23T13:30:03.663Z,api/v1/data/sellers
c8b0e2b0a7095e5d8219575d5e7e1181,8598,itaquaquecetuba,SP,2026-03-23T13:30:03.847Z,api/v1/data/sellers
c8c1bea22194a4eefa2dc9a9fa89f536,88210,porto belo,SC,2026-03-23T13:30:03.758Z,api/v1/data/sellers
c8cc60ffd415254af5d9b9f34f32c369,18053,sorocaba,SP,2026-03-23T13:30:03.832Z,api/v1/data/sellers
c8e135e7b21ecbc36c1153a29d2f5a06,1411,sao paulo,SP,2026-03-23T13:30:03.683Z,api/v1/data/sellers
ca3bd7cd9f149df75950150d010fe4a2,4361,sao paulo,SP,2026-03-23T13:30:03.983Z,api/v1/data/sellers
caa9bc43a9fe8cf9c564ddd8a03cc4a6,12308,jacarei,SP,2026-03-23T13:30:03.690Z,api/v1/data/sellers
cab85505710c7cb9b720bceb52b01cee,2252,sao paulo,SP,2026-03-23T13:30:03.741Z,api/v1/data/sellers
cac4e0bc1a3269fa2b6ea5e763f6115b,88351,brusque,SC,2026-03-23T13:30:03.739Z,api/v1/data/sellers
cad9969167c09b48ae6f1d123f7fa68d,37706,pocos de caldas,MG,2026-03-23T13:30:03.802Z,api/v1/data/sellers
cb8bcce248bb1fb274ba762d8b971456,37540,santa rita do sapucai,MG,2026-03-23T13:30:03.761Z,api/v1/data/sellers
cb9fb4ca75d7ba8437480e8dde64fe98,3551,sao paulo,SP,2026-03-23T13:30:03.720Z,api/v1/data/sellers
cbbd5ae8f53de5f5097cd8217b529e24,6544,santana de parnaiba,SP,2026-03-23T13:30:03.664Z,api/v1/data/sellers
cbd996ad3c1b7dc71fd0e5f5df9087e2,15081,sao jose do rio preto,SP,2026-03-23T13:30:03.717Z,api/v1/data/sellers
cbf09e831b0c11f6f23ffb51004db972,9726,sbc/sp,SP,2026-03-23T13:30:04.116Z,api/v1/data/sellers
cc1f04647be106ba74e62b21f358af25,2739,sao paulo,SP,2026-03-23T13:30:03.710Z,api/v1/data/sellers
cc80e2f693fa6e2408f47ccf62413fc1,81050,curitiba,PR,2026-03-23T13:30:04.155Z,api/v1/data/sellers
ccada0ef508e698917a6eab263375905,85948,pato bragado,PR,2026-03-23T13:30:04.002Z,api/v1/data/sellers
ccc4bbb5f32a6ab2b7066a4130f114e3,80310,curitiba,PR,2026-03-23T13:30:03.661Z,api/v1/data/sellers
ccf8813e5a7d6c84d865cd38bfc2b130,12080,taubate,SP,2026-03-23T13:30:03.944Z,api/v1/data/sellers
cd2169d9f31ff6fbb9ca3373b0c9e354,28633,nova friburgo,RJ,2026-03-23T13:30:03.950Z,api/v1/data/sellers
cd68562d3f44870c08922d380acae552,14050,ribeirao preto,SP,2026-03-23T13:30:04.185Z,api/v1/data/sellers
cd843d4cf8ef32827de0396605163ba3,36071,juiz de fora,MG,2026-03-23T13:30:04.061Z,api/v1/data/sellers
cda598c48d7c614bc1cad7d8ff6f0010,15137,mirassol,SP,2026-03-23T13:30:03.670Z,api/v1/data/sellers
ce33c6211beaa8fef4cae8b52db39862,8655,suzano,SP,2026-03-23T13:30:03.720Z,api/v1/data/sellers
ce3ad9de960102d0677a81f5d0bb7b2d,20031,rio de janeiro,RJ,2026-03-23T13:30:03.661Z,api/v1/data/sellers
cea729054f157f5870bdd321a958d994,3161,sao paulo,SP,2026-03-23T13:30:03.745Z,api/v1/data/sellers
ceaec5548eefc6e23e6607c5435102e7,3821,sao paulo,SP,2026-03-23T13:30:03.756Z,api/v1/data/sellers
ceb7b4fb9401cd378de7886317ad1b47,22790,04482255,RJ,2026-03-23T13:30:03.795Z,api/v1/data/sellers
cf8ab1616079e2793aa29d524df01bb1,4088,sao paulo,SP,2026-03-23T13:30:04.202Z,api/v1/data/sellers
cfb1a033743668a192316f3c6d1d2671,18110,votorantim,SP,2026-03-23T13:30:03.767Z,api/v1/data/sellers
d06d019f72a04e5497a0b64190af170c,6703,cotia,SP,2026-03-23T13:30:03.727Z,api/v1/data/sellers
d180e07dc1e58c31c3f0cd599dc4d945,30620,belo horizonte,MG,2026-03-23T13:30:03.702Z,api/v1/data/sellers
d1a1b40ec554c593a1a99366746289dd,85501,pato branco,PR,2026-03-23T13:30:03.880Z,api/v1/data/sellers
d1b65fc7debc3361ea86b5f14c68d2e2,13844,mogi guacu,SP,2026-03-23T13:30:03.661Z,api/v1/data/sellers
d1c7fa84e48cfa21a0e595167c1c500e,99730,jacutinga,RS,2026-03-23T13:30:03.688Z,api/v1/data/sellers
d1ef48b38baca7e831711c4a0aeb398f,86800,apucarana,PR,2026-03-23T13:30:03.775Z,api/v1/data/sellers
d2572f31e9023e9850ef986a636ff9bf,30640,belo horizonte,MG,2026-03-23T13:30:03.731Z,api/v1/data/sellers
d26aa40b90272d4843d63be7c1462c8d,3065,sao paulo,SP,2026-03-23T13:30:04.020Z,api/v1/data/sellers
d2e753bb80b7d4faa77483ed00edc8ca,45810,porto seguro,BA,2026-03-23T13:30:03.661Z,api/v1/data/sellers
d2f3e277560ed4c6361284429b00f037,12942,atibaia,SP,2026-03-23T13:30:04.060Z,api/v1/data/sellers
d354c38a7182125a748cb10474fe963b,28495,aperibe,RJ,2026-03-23T13:30:03.829Z,api/v1/data/sellers
d3674f271c91f824f82d24d92011f669,72233,brasilia,DF,2026-03-23T13:30:03.662Z,api/v1/data/sellers
d379f449f2a3b271bc01c0782020f705,35500,divinopolis,MG,2026-03-23T13:30:04.014Z,api/v1/data/sellers
d3dcf0604eabf0224fbd5948b5e02f69,3654,sao paulo,SP,2026-03-23T13:30:03.959Z,api/v1/data/sellers
d3e7d37c0df9aef383f3f2a15b0dddfb,83050,sao jose dos pinhais,PR,2026-03-23T13:30:03.662Z,api/v1/data/sellers
d3f39f05462b79a4562d35893a28f159,13730,mococa,SP,2026-03-23T13:30:03.754Z,api/v1/data/sellers
d4910f1cdcfdabd48d6b316e395d4a23,9190,santo andre,SP,2026-03-23T13:30:03.670Z,api/v1/data/sellers
d4a5e99e0dd915df64ba55a7fbd583fd,5041,sao paulo,SP,2026-03-23T13:30:04.159Z,api/v1/data/sellers
d4ffeb15b67e81ff9af2b4252d99fb7e,12943,atibaia,SP,2026-03-23T13:30:03.819Z,api/v1/data/sellers
d52cbce9845184537284a23c3bc3da0e,88495,garopaba,SC,2026-03-23T13:30:03.662Z,api/v1/data/sellers
d57e18d5f73c7ccb7f7339b61166898d,3613,sao paulo,SP,2026-03-23T13:30:04.109Z,api/v1/data/sellers
d594982fd877af63ace38ea1fca27c76,1031,sao paulo,SP,2026-03-23T13:30:04.191Z,api/v1/data/sellers
d598f929fc44e1e38678e7f47250ec04,73801,formosa,GO,2026-03-23T13:30:04.128Z,api/v1/data/sellers
d5b9a084373da994a6e37f732169a853,9182,santo andre,SP,2026-03-23T13:30:03.835Z,api/v1/data/sellers
d650b663c3b5f6fb392b6326366efa9a,6713,cotia,SP,2026-03-23T13:30:03.668Z,api/v1/data/sellers
d673a59aac7a70d8b01e6902bf090a11,14940,ibitinga,SP,2026-03-23T13:30:04.157Z,api/v1/data/sellers
d6b1ce66b035a475f00c017792ff9769,13327,salto,SP,2026-03-23T13:30:03.702Z,api/v1/data/sellers
d6b664fa0667064c6d76394e7848d790,14801,araraquara,SP,2026-03-23T13:30:03.671Z,api/v1/data/sellers
d6cd01c59123df02fc226eadbadb5f89,1207,sao paulo,SP,2026-03-23T13:30:03.682Z,api/v1/data/sellers
d71d863e5ef30d94e440c11be17dcd8f,6144,osasco,SP,2026-03-23T13:30:03.663Z,api/v1/data/sellers
d73cbd89533ce8b041a9190241453ac8,36525,guiricema,MG,2026-03-23T13:30:03.677Z,api/v1/data/sellers
d7485b33791774c36108f8c69602d48d,81020,curitiba,PR,2026-03-23T13:30:04.098Z,api/v1/data/sellers
d7ab82074b5f1dfba46db123df101bff,12941,atibaia,SP,2026-03-23T13:30:03.931Z,api/v1/data/sellers
d85efbc8eff2b7adf524e2820569adc8,5268,sao paulo,SP,2026-03-23T13:30:03.824Z,api/v1/data/sellers
d8d9567d0bfb0bc7eb845a205ba42657,3688,sao paulo,SP,2026-03-23T13:30:03.732Z,api/v1/data/sellers
d90fe2229fee1a5da999ccd0c06c1667,3416,sao paulo,SP,2026-03-23T13:30:03.764Z,api/v1/data/sellers
d93919c944be9cff128f6c9cb899eacb,13375,mombuca,SP,2026-03-23T13:30:03.780Z,api/v1/data/sellers
d93b8458c6fe139d85cfa5eadbf55bd2,2238,sao paulo,SP,2026-03-23T13:30:03.748Z,api/v1/data/sellers
d97df38225e5abadaff1e72cb72b823c,9560,sao caetano do sul,SP,2026-03-23T13:30:04.067Z,api/v1/data/sellers
d98eec89afa3380e14463da2aabaea72,90010,porto alegre,RS,2026-03-23T13:30:03.823Z,api/v1/data/sellers
d9a84e1403de8da0c3aa531d6d108ba6,3562,sao paulo,SP,2026-03-23T13:30:03.662Z,api/v1/data/sellers
d9b00a97818674c7f8d8b1ef0e689679,84035,ponta grossa,PR,2026-03-23T13:30:03.809Z,api/v1/data/sellers
d9d43faf741ceaa8da52fdbb81d9e0e3,36010,juiz de fora,SP,2026-03-23T13:30:03.902Z,api/v1/data/sellers
da03c298e3999e9d828591fc2179d109,4041,sao paulo,SP,2026-03-23T13:30:03.852Z,api/v1/data/sellers
da3fede3469bf49b7293ce3fc45b294d,8743,mogi das cruzes,SP,2026-03-23T13:30:03.884Z,api/v1/data/sellers
dadc51ef321949ec9a3ab25cd902e23d,4821,sao paulo,SP,2026-03-23T13:30:03.695Z,api/v1/data/sellers
db4350fd57ae30082dec7acbaacc17f9,3126,sao paulo,SP,2026-03-23T13:30:03.873Z,api/v1/data/sellers
db46ca7bce82b11f7e247539271fc390,23080,rio de janeiro,RJ,2026-03-23T13:30:03.838Z,api/v1/data/sellers
db7ed69a53aa9fb1c01930ba54a88bbe,13820,jaguariuna,SP,2026-03-23T13:30:03.893Z,api/v1/data/sellers
dc120d932ddf9d4dfb6fd68beefda622,83010,sao jose dos pinhais,PR,2026-03-23T13:30:04.016Z,api/v1/data/sellers
dc50afafdfa325eadc890c7fa42a8f4e,87050,maringa,PR,2026-03-23T13:30:03.841Z,api/v1/data/sellers
dc64d75cc406bb0697be983831430e60,31560,belo horizonte,MG,2026-03-23T13:30:03.774Z,api/v1/data/sellers
dcb7367a92f5ffb89f1e2152ed260285,17700,osvaldo cruz,SP,2026-03-23T13:30:03.828Z,api/v1/data/sellers
dd2bdf855a9172734fbc3744021ae9b9,31255,belo horizonte,MG,2026-03-23T13:30:04.110Z,api/v1/data/sellers
dd7ddc04e1b6c2c614352b383efe2d36,3471,sao paulo,SP,2026-03-23T13:30:03.777Z,api/v1/data/sellers
dd88d13bea9e4c2bf47daf224f8141e5,95900,lajeado,RS,2026-03-23T13:30:04.144Z,api/v1/data/sellers
dd8a29ce82d5c705ba932d81494600a5,8220,sao paulo,SP,2026-03-23T13:30:04.187Z,api/v1/data/sellers
dda37071807e404c5bb2a1590c66326f,3282,sao paulo,SP,2026-03-23T13:30:04.192Z,api/v1/data/sellers
ddd51ae8cda92f3995a51fc0f0f3eec7,23062,rio de janeiro,RJ,2026-03-23T13:30:03.817Z,api/v1/data/sellers
de09d00cfc265b8804c7df34075a68fa,2118,sao paulo,SP,2026-03-23T13:30:03.814Z,api/v1/data/sellers
dedcab67899479e4ea5dcc4eba47f587,89258,jaragua do sul,SC,2026-03-23T13:30:03.665Z,api/v1/data/sellers
dee656f0f566ed1aa85bd137c943f08f,12701,cruzeiro,SP,2026-03-23T13:30:04.156Z,api/v1/data/sellers
df47da4ae86fa4db890d05aaf24e21d8,4360,sao paulo,SP,2026-03-23T13:30:03.816Z,api/v1/data/sellers
dfa0c4c6229ab200a4a1336b4d7128ff,88085,florianopolis,SC,2026-03-23T13:30:03.964Z,api/v1/data/sellers
dff87e4de60c9736ce8df835951b09bc,3172,sao paulo,SP,2026-03-23T13:30:03.707Z,api/v1/data/sellers
e0487761face83d64fcada2408959a36,1021,sao paulo,SP,2026-03-23T13:30:03.830Z,api/v1/data/sellers
e067ad2c1c0b48758eb1b5228bcf7a68,11045,santos,SP,2026-03-23T13:30:03.718Z,api/v1/data/sellers
e1a210d482714ce337763a19aef94ba4,85807,cascavel,PR,2026-03-23T13:30:03.751Z,api/v1/data/sellers
e1b12447a7563944843191754aeb5562,7145,guarulhos,SP,2026-03-23T13:30:03.753Z,api/v1/data/sellers
e1c76f339ebd5460999f25a2aa8c92c5,3029,sao paulo,SP,2026-03-23T13:30:03.761Z,api/v1/data/sellers
e24d3429d294b2eb200b064ebb035879,3514,sao paulo,SP,2026-03-23T13:30:03.673Z,api/v1/data/sellers
e250d617a0ad591ba9bd663e584a895d,7084,guarulhos,SP,2026-03-23T13:30:03.716Z,api/v1/data/sellers
e38db885400cd35c71dfd162f2c1dbcf,70740,brasilia,DF,2026-03-23T13:30:03.661Z,api/v1/data/sellers
e3e15e2c0b9700561efac21c6be48066,5315,sao paulo,SP,2026-03-23T13:30:04.173Z,api/v1/data/sellers
e3e290b38963293022cdcd6db8328103,1403,sao paulo,SP,2026-03-23T13:30:04.033Z,api/v1/data/sellers
e45edf75f568ed2f93f78d060e246e25,22790,rio de janeiro,RJ,2026-03-23T13:30:03.699Z,api/v1/data/sellers
e46bc031f2c5bae4ccb40bb90712e9b4,5174,sao paulo,SP,2026-03-23T13:30:04.120Z,api/v1/data/sellers
e49c26c3edfa46d227d5121a6b6e4d37,55325,brejao,PE,2026-03-23T13:30:03.661Z,api/v1/data/sellers
e4ebd3f87bf70440014f07ddda7fbe03,19470,presidente epitacio,SP,2026-03-23T13:30:04.106Z,api/v1/data/sellers
e4f121bf6ef8b9a1d4d3e65dd0473fab,15085,sao jose do rio preto,SP,2026-03-23T13:30:03.787Z,api/v1/data/sellers
e503f22be6a4f456d9851920a5d9c670,4508,sao paulo,SP,2026-03-23T13:30:03.715Z,api/v1/data/sellers
e53d5b9b29d1218281f4a907ada18626,85903,toledo,PR,2026-03-23T13:30:03.717Z,api/v1/data/sellers
e546117ed9cafbc40239c0c78635c584,4705,sao paulo,SP,2026-03-23T13:30:03.663Z,api/v1/data/sellers
e5545d4d4473876ea78c5bcebca365c3,17512,marilia,SP,2026-03-23T13:30:03.759Z,api/v1/data/sellers
e5899683388855d3dabe8913bbe365de,13575,sao carlos,SP,2026-03-23T13:30:03.675Z,api/v1/data/sellers
e595809a6c31ec4314fd06ef198c244d,88370,navegantes,SC,2026-03-23T13:30:04.149Z,api/v1/data/sellers
e59aa562b9f8076dd550fcddf0e73491,82810,curitiba,PR,2026-03-23T13:30:03.861Z,api/v1/data/sellers
e59e575a175fadcadf8479e191770425,26210,nova iguacu,RJ,2026-03-23T13:30:03.833Z,api/v1/data/sellers
e5a3438891c0bfdb9394643f95273d8e,13483,limeira,SP,2026-03-23T13:30:03.946Z,api/v1/data/sellers
e5a38146df062edaf55c38afa99e42dc,1233,sao paulo,SP,2026-03-23T13:30:03.789Z,api/v1/data/sellers
e5bd51692380fd8cabb19b756b95e714,9220,santo andre,SP,2026-03-23T13:30:03.766Z,api/v1/data/sellers
e5f9e61ceb5f523cc966e0f34095032f,88353,brusque,SC,2026-03-23T13:30:04.079Z,api/v1/data/sellers
e63e8bfa530fb16910dd6956e592bb81,7160,guarulhos,SP,2026-03-23T13:30:04.095Z,api/v1/data/sellers
e644cbadf7eeb30d0d29f335ce7d52ec,3029,sao paulo,SP,2026-03-23T13:30:03.817Z,api/v1/data/sellers
e6ffc9ac6a7adc9d16a1cfc2286dd546,2565,sao paulo,SP,2026-03-23T13:30:04.038Z,api/v1/data/sellers
e7df4cd29ab5abab70fb0783ddb53987,4122,sao paulo,SP,2026-03-23T13:30:04.007Z,api/v1/data/sellers
e7f3bf1ecd8526eb7f3b18059e6716e5,11680,ubatuba,SP,2026-03-23T13:30:04.133Z,api/v1/data/sellers
e819bcfade7b5d88a27325eb6cfd62c5,7242,guarulhos,SP,2026-03-23T13:30:03.688Z,api/v1/data/sellers
e81e1f9c3e762e620f3fb60a51499e16,89520,curitibanos,SC,2026-03-23T13:30:04.028Z,api/v1/data/sellers
e84ad2127668df3aafc6b73531a0beb8,4613,sao paulo,SP,2026-03-23T13:30:03.862Z,api/v1/data/sellers
e88165a185134e13fdfc85d4fa654db8,8517,ferraz de  vasconcelos,SP,2026-03-23T13:30:03.689Z,api/v1/data/sellers
e8b4225284fbb02d16f200513f1f395d,14960,novo horizonte,SP,2026-03-23T13:30:03.839Z,api/v1/data/sellers
e8dba4d70f7f2b20e775d09cae01142d,13456,santa barbara d oeste,SP,2026-03-23T13:30:03.792Z,api/v1/data/sellers
e908c0f3646e8b60375734a350d95d71,1226,sao paulo,SP,2026-03-23T13:30:04.100Z,api/v1/data/sellers
e9779976487b77c6d4ac45f75ec7afe9,11701,praia grande,SP,2026-03-23T13:30:03.864Z,api/v1/data/sellers
e9874ae10b2d60d43917b6bbfa13a599,86604,rolandia,PR,2026-03-23T13:30:03.816Z,api/v1/data/sellers
e9bc59e7b60fc3063eb2290deda4cced,87083,maringa,PR,2026-03-23T13:30:03.756Z,api/v1/data/sellers
e9c2dc0dd4ac38448289be644ac94f42,89210,joinville,SC,2026-03-23T13:30:03.835Z,api/v1/data/sellers
e9e446d01bd10a97a8ffcfc4a3a20cb2,2261,sao paulo,SP,2026-03-23T13:30:03.661Z,api/v1/data/sellers
ea00f977a203ff88adf7057cb7806998,11085,santos,SP,2026-03-23T13:30:03.676Z,api/v1/data/sellers
ea6b12bf9ffe2bac34602ec631d97a47,7093,guarulhos,SP,2026-03-23T13:30:03.773Z,api/v1/data/sellers
ea846a0e7ad98a741783e886d89dfa44,16072,aracatuba,SP,2026-03-23T13:30:03.795Z,api/v1/data/sellers
ea8482cd71df3c1969d7b9473ff13abc,4160,sao paulo,SP,2026-03-23T13:30:04.206Z,api/v1/data/sellers
eaaa46e98c9e61f6764dd1d7a2ab8b3e,59775,messias targino,RN,2026-03-23T13:30:04.176Z,api/v1/data/sellers
eae9af4811c294c56795d70e715b7337,3060,sao paulo,SP,2026-03-23T13:30:03.749Z,api/v1/data/sellers
eb72802c83dc7547529c9546d1a9b8ef,13504,rio claro,SP,2026-03-23T13:30:03.672Z,api/v1/data/sellers
ebd1417732defaf66c50b5a800eb293e,86047,londrina,PR,2026-03-23T13:30:03.986Z,api/v1/data/sellers
ebef8d8c92b4fd3226e5d407bbff21ac,14020,ribeirao preto,SP,2026-03-23T13:30:03.677Z,api/v1/data/sellers
ec2e006556300a79a5a91e4876ab3a56,3445,sao paulo,SP,2026-03-23T13:30:03.662Z,api/v1/data/sellers
ec4608a1f76453166bb312b2968aeaf4,13660,porto ferreira,SP,2026-03-23T13:30:04.181Z,api/v1/data/sellers
ec80e49e69745ab6c14f984bf2149423,13480,limeira,SP,2026-03-23T13:30:03.727Z,api/v1/data/sellers
ececbfcff9804a2d6b40f589df8eef2b,14407,franca,SP,2026-03-23T13:30:03.703Z,api/v1/data/sellers
ed4311e67debd72b8610a5347a743087,7170,guarulhos,SP,2026-03-23T13:30:04.171Z,api/v1/data/sellers
ed4acab38528488b65a9a9c603ff024a,8260,sao paulo,SP,2026-03-23T13:30:03.677Z,api/v1/data/sellers
ed8cb7b190ceb6067227478e48cf8dde,11015,santos,SP,2026-03-23T13:30:03.803Z,api/v1/data/sellers
edc518ba25576a0188a0e8f2c3af186f,7023,guarulhos,SP,2026-03-23T13:30:04.129Z,api/v1/data/sellers
ede0c03645598cdfc63ca8237acbe73d,14092,ribeirao preto,SP,2026-03-23T13:30:03.799Z,api/v1/data/sellers
ee27a8f15b1dded4d213a468ba4eb391,74210,goiania,GO,2026-03-23T13:30:03.796Z,api/v1/data/sellers
eebb3372362aa9a46975164bed19a7e7,4578,sao paulo,SP,2026-03-23T13:30:03.788Z,api/v1/data/sellers
eec3469d83e142f9a104886655338c37,17030,bauru,SP,2026-03-23T13:30:03.702Z,api/v1/data/sellers
ef0ace09169ac090589d85746e3e036f,24451,sao goncalo,RJ,2026-03-23T13:30:03.800Z,api/v1/data/sellers
ef30892870c278497523264be1be2241,14801,araraquara,SP,2026-03-23T13:30:03.835Z,api/v1/data/sellers
ef506c96320abeedfb894c34db06f478,3569,sao paulo,SP,2026-03-23T13:30:03.665Z,api/v1/data/sellers
ef990a83bbea832f36ebe81376335aa8,89214,joinville,SC,2026-03-23T13:30:03.663Z,api/v1/data/sellers
f021c962aaba8ef6eb527a9c2c8394d1,88301,itajai,SC,2026-03-23T13:30:03.680Z,api/v1/data/sellers
f0837c8d71434931d9e38e7b79234797,95995,arvorezinha,RS,2026-03-23T13:30:03.677Z,api/v1/data/sellers
f09e26011d833ddab11593c1a097a92a,13632,pirassununga,SP,2026-03-23T13:30:04.208Z,api/v1/data/sellers
f0ec6a2adb05c62655a26dd347b8dede,1303,sao paulo,SP,2026-03-23T13:30:03.709Z,api/v1/data/sellers
f1198c871e0171278b63f40d112caeec,1220,sao paulo,SP,2026-03-23T13:30:03.806Z,api/v1/data/sellers
f12d3c2a14729ae461b920c11fe20fdc,9080,santo andre,SP,2026-03-23T13:30:03.706Z,api/v1/data/sellers
f12ff17ad8bbf01ec5c33b17e506649b,3186,sao paulo,SP,2026-03-23T13:30:03.682Z,api/v1/data/sellers
f18112da765e0971ca5d510dec322bdd,88351,brusque,SC,2026-03-23T13:30:03.776Z,api/v1/data/sellers
f19516b9ff26bfeb091b30108db4ddbd,13160,artur nogueira,SP,2026-03-23T13:30:03.803Z,api/v1/data/sellers
f1fd5ab1181f827ffad998c1a5de7d74,80010,curitiba,PR,2026-03-23T13:30:03.718Z,api/v1/data/sellers
f22a247b79dd22ecd91dc8e3b2a1b07c,8573,itaquaquecetuba,SP,2026-03-23T13:30:03.679Z,api/v1/data/sellers
f2336e113377dd21c744d9c4fc8293a9,3659,sao paulo,SP,2026-03-23T13:30:03.769Z,api/v1/data/sellers
f25e239052084705e17a982bc600ab2a,1123,sao paulo,SP,2026-03-23T13:30:03.769Z,api/v1/data/sellers
f3041c2e75ec683697a6a5ea82192210,35680,itauna,MG,2026-03-23T13:30:04.018Z,api/v1/data/sellers
f326006815956455b2859abd58fe7e39,15601,fernandopolis,SP,2026-03-23T13:30:03.772Z,api/v1/data/sellers
f356c348fbc8df6a882823e21f5ce8b7,92025,canoas,RS,2026-03-23T13:30:03.779Z,api/v1/data/sellers
f3862c2188522d89860c38a3ea8b550d,14092,ribeirao preto,SP,2026-03-23T13:30:04.200Z,api/v1/data/sellers
f3b80352b986ab4d1057a4b724be19d0,71200,brasilia,DF,2026-03-23T13:30:04.161Z,api/v1/data/sellers
f3da5b2ff499efb8d4a6d371d175d7dd,2407,sao paulo,SP,2026-03-23T13:30:04.058Z,api/v1/data/sellers
f410c8873029fcc3809b9df6d0b28914,95076,caxias do sul,SP,2026-03-23T13:30:03.664Z,api/v1/data/sellers
f45122a9ab94eb4f3f8953578bc0c560,13419,piracicaba,SP,2026-03-23T13:30:03.791Z,api/v1/data/sellers
f457c46070d02cadd8a68551231220dd,87047,maringa,PR,2026-03-23T13:30:03.777Z,api/v1/data/sellers
f46490624488d3ff7ce78613913a7711,7194,guarulhos,SP,2026-03-23T13:30:03.837Z,api/v1/data/sellers
f52c2422904463fdd7741f99045fecb6,9230,santo andre/sao paulo,SP,2026-03-23T13:30:04.174Z,api/v1/data/sellers
f5f1f2c5f923f36ad79ea1d07185ddc9,19820,taruma,SP,2026-03-23T13:30:04.201Z,api/v1/data/sellers
f5f2ab9bdb6b30c14c61be68c5ed37da,13660,porto ferreira,SP,2026-03-23T13:30:03.793Z,api/v1/data/sellers
f5fea3ffed6c2e889bab72705557c63a,21240,rio de janeiro,RJ,2026-03-23T13:30:03.703Z,api/v1/data/sellers
f6122bc84774df1b372bdb3bb88ddb9f,6436,barueri,SP,2026-03-23T13:30:03.684Z,api/v1/data/sellers
f61c63d13f7cd800549d5acdd390ae72,18185,pilar do sul,SP,2026-03-23T13:30:03.840Z,api/v1/data/sellers
f626e15b7314c267e4429010866f70e9,85960,marechal candido rondon,SP,2026-03-23T13:30:03.718Z,api/v1/data/sellers
f62d7bb4a613ec758a03342d46b580b2,36570,vicosa,MG,2026-03-23T13:30:03.868Z,api/v1/data/sellers
f650a9708fa1bab22bdd8d3a818cc415,88901,ararangua,SC,2026-03-23T13:30:03.979Z,api/v1/data/sellers
f664f98bfda2eaf266a23ff144e7a872,4001,sao paulo,SP,2026-03-23T13:30:03.894Z,api/v1/data/sellers
f680f85bee2d253556ac91be391d2c82,6365,carapicuiba,SP,2026-03-23T13:30:04.012Z,api/v1/data/sellers
f7496d659ca9fdaf323c0aae84176632,4156,sao paulo,SP,2026-03-23T13:30:03.661Z,api/v1/data/sellers
f76a3b1349b6df1ee875d1f3fa4340f0,3275,sao paulo,SP,2026-03-23T13:30:03.822Z,api/v1/data/sellers
f7ba60f8c3f99e7ee4042fdef03b70c4,9628,sao bernardo do campo,SP,2026-03-23T13:30:03.781Z,api/v1/data/sellers
f805b96fa705ba7995a221f1749dc141,87013,maringa,PR,2026-03-23T13:30:03.746Z,api/v1/data/sellers
f84a00e60c73a49e7e851c9bdca3a5bb,20756,rio de janeiro,RJ,2026-03-23T13:30:03.788Z,api/v1/data/sellers
f88adb15807168d3c43d71021090ce4a,13660,porto ferreira,SP,2026-03-23T13:30:03.705Z,api/v1/data/sellers
f8f35af4634605e6693c17cc3ffff5a8,37400,campanha,MG,2026-03-23T13:30:03.728Z,api/v1/data/sellers
f92d8c817434bd2d84d4e9c61322b7fa,18048,sorocaba,SP,2026-03-23T13:30:03.701Z,api/v1/data/sellers
f97e2b0650c2068227e1d366140eb62f,13830,santo antonio de posse,SP,2026-03-23T13:30:03.725Z,api/v1/data/sellers
f9903dd0f812c7e771fcad47b6fff231,89070,blumenau,SC,2026-03-23T13:30:03.707Z,api/v1/data/sellers
f9a02f1922d1de564392e656d82b3fda,8502,ferraz de vasconcelos,SP,2026-03-23T13:30:03.683Z,api/v1/data/sellers
f9bbdd976532d50b7816d285a22bd01e,5319,sao paulo,SP,2026-03-23T13:30:04.172Z,api/v1/data/sellers
f9ec7093df3a7b346b7bcf7864069ca3,5138,sao paulo,SP,2026-03-23T13:30:03.661Z,api/v1/data/sellers
f9eda05b67bef472deaddbba84aca289,88870,orleans,SC,2026-03-23T13:30:03.674Z,api/v1/data/sellers
f9f68daa2af419d38f745478bcb3da1a,13180,sumare,SP,2026-03-23T13:30:03.947Z,api/v1/data/sellers
fa1a9dec3a9940c072684a46728bf1fc,88820,icara,SC,2026-03-23T13:30:03.760Z,api/v1/data/sellers
fa1c13f2614d7b5c4749cbc52fecda94,13170,sumare,SP,2026-03-23T13:30:03.812Z,api/v1/data/sellers
fa40cc5b934574b62717c68f3d678b6d,2310,sao paulo,SP,2026-03-23T13:30:03.684Z,api/v1/data/sellers
fa5fdc4e4bb6bd1009ad0e4ac4096562,9111,santo andre,SP,2026-03-23T13:30:04.073Z,api/v1/data/sellers
fa7ad8ae9bcb2c4493fdf38e96b1d74f,13920,pedreira,SP,2026-03-23T13:30:03.775Z,api/v1/data/sellers
fa8d335d68129e464e60c1826a683e96,95660,tres coroas,RS,2026-03-23T13:30:03.706Z,api/v1/data/sellers
fac1a9017ade7bdc94058fc1c969f355,1126,sao paulo,SP,2026-03-23T13:30:03.709Z,api/v1/data/sellers
fac35d150712afb921ec59ac5f39bb11,38650,bonfinopolis de minas,MG,2026-03-23T13:30:03.798Z,api/v1/data/sellers
fadb07c842a2aef5d5a676b85f220e71,15052,sao jose do rio preto,SP,2026-03-23T13:30:03.887Z,api/v1/data/sellers
fb8904a8ea99f8831b64ce27db2c1765,9550,sao caetano do sul,SP,2026-03-23T13:30:03.897Z,api/v1/data/sellers
fbc14c0cf93505ef89f64665ffa4a7b5,14150,serrana,SP,2026-03-23T13:30:03.815Z,api/v1/data/sellers
fc0b214b59a83615fea981c6424a02ae,9380,maua,SP,2026-03-23T13:30:03.736Z,api/v1/data/sellers
fc38b5dceee1a730fad8853453437fbd,13073,campinas,SP,2026-03-23T13:30:03.797Z,api/v1/data/sellers
fc4751cfe3b279c419615b9b00c1abb4,86047,londrina,PR,2026-03-23T13:30:03.751Z,api/v1/data/sellers
fc59392d66ef99377e50356ee4f3b4e1,40243,salvador,BA,2026-03-23T13:30:03.679Z,api/v1/data/sellers
fcba71d4d5db057f43249145e4eb1e27,13481,limeira,SP,2026-03-23T13:30:04.123Z,api/v1/data/sellers
fce62094ffe6a4009188ec44e681dfdd,4674,sao paulo,SP,2026-03-23T13:30:03.677Z,api/v1/data/sellers
fde0cc9ea29c8ccfc0a2c22256a58c71,81650,curitiba,PR,2026-03-23T13:30:04.094Z,api/v1/data/sellers
fe19dce63ae80346207c6c55713d1023,38010,uberaba,MG,2026-03-23T13:30:04.190Z,api/v1/data/sellers
fe1bbc5feda5c8979a8a1b3b2512d5a6,38680,arinos,MG,2026-03-23T13:30:04.004Z,api/v1/data/sellers
fe2032dab1a61af8794248c8196565c9,13030,campinas,SP,2026-03-23T13:30:04.214Z,api/v1/data/sellers
fe4cd9461203cee790d36792420b310f,35300,caratinga,MG,2026-03-23T13:30:03.702Z,api/v1/data/sellers
fe8055980a4ff7f64ed889c2b5926929,81925,curitiba,PR,2026-03-23T13:30:03.733Z,api/v1/data/sellers
fe87f472055fbcf1d7e691c00b1560dc,13085,campinas,SP,2026-03-23T13:30:03.836Z,api/v1/data/sellers
febab0275244b9a49a623f0bd613ca2f,13920,pedreira,SP,2026-03-23T13:30:04.057Z,api/v1/data/sellers
ff314fa6033cc68ec451c47aee2d6ba4,5424,sao paulo,SP,2026-03-23T13:30:03.688Z,api/v1/data/sellers
ff4ea69c2a729e83e63c7579e4ef8170,7071,guarulhos,SP,2026-03-23T13:30:04.072Z,api/v1/data/sellers
ffc470761de7d0232558ba5e786e57b7,7091,guarulhos,SP,2026-03-23T13:30:03.680Z,api/v1/data/sellers
ffcfefa19b08742c5d315f2791395ee5,80045,curitiba,PR,2026-03-23T13:30:03.678Z,api/v1/data/sellers
ffeee66ac5d5a62fe688b9d26f83f534,15130,mirassol,SP,2026-03-23T13:30:04.163Z,api/v1/data/sellers
